哈希值,标题,公布日期,实施日期
7b03cfa0088a73325fd9a3748c752eb4,安徽省工会劳动法律监督条例,2019-12-23,2020-05-01
6d289b92e9f3634d518316c7efdb39d9,安徽省宗教事务条例,2019-12-23,2020-03-01
fddf240f4f8987114c899c7191857296,巢湖流域水污染防治条例,2019-12-23,2020-03-01
3c68758f297c90b55f3e8e17bc8d6e22,新疆维吾尔自治区人民代表大会及其常务委员会立法条例,2019-12-19,2019-12-19
1671733fa62d03f3db7c9e904d0c1132,上海市排水与污水处理条例,2019-12-19,2020-05-01
12767a57863f009a0c867be1f8f59e16,上海市家政服务条例,2019-12-19,2020-05-01
c4a71ef371bfff1105e0425890cd1077,上海市司法鉴定管理条例,2019-12-19,2020-05-01
f4c18913f4aa3d22cb3d5d41f9c8f4ae,黑龙江省哈尔滨新区条例,2019-12-18,2020-02-01
a2f9b9daebe5960f89588567debba575,天津市基本医疗保险条例,2019-12-11,2020-03-01
54c85ebc437e9719485414fcd3c6eff0,天津市农业机械化促进条例,2019-12-11,2020-01-01
2e8ec61d1400f78bebce05f3995268f8,天津市土壤污染防治条例,2019-12-11,2020-01-01
73d78647be594d87e5686577d9e7d0b8,安徽省志愿服务条例,2019-12-02,2020-01-01
bbbd3d34b5f46c2005e705a5f167630e,贵州省反家庭暴力条例,2019-12-01,2020-03-01
31dd71844c9691916ee2d2a4908c4cb2,贵州省古树名木大树保护条例,2019-12-01,2020-02-01
f9b9b2274efec0f68a55ae413aa30338,陕西省宗教事务条例,2019-11-29,2020-04-01
0467e125a0f9a57736bb78b1731aeefa,重庆市物业管理条例,2019-11-29,2020-05-01
cc94e152acb7a7c3fbc1a45ddeb8447a,重庆市城市园林绿化条例,2019-11-29,2020-03-01
0320e3dbfcc5a86905d5cc7269752760,重庆市司法鉴定条例,2019-11-29,2019-11-29
07a0dd2b0ecc700d0d89f245a21066f8,重庆市村民委员会选举办法,2019-11-29,2019-11-29
323a7f8d1304f146c5450873605c958f,重庆市农业机械化促进条例,2019-11-29,2020-03-01
303fc7253e3451e57ff910427db63a8e,福建省实施《中华人民共和国渔业法》办法,2019-11-29,2019-11-29
2b30f6ca461595676f25c8e9998f23ed,甘肃省石油勘探开发生态环境保护条例,2019-11-29,2020-01-01
74754a975d880b852509ab896ce7f83a,湖北省合同监督条例,2019-11-29,2019-11-29
c9dadd224b52b36bb7e5eb5de104a7af,湖北省村民委员会选举办法,2019-11-29,2019-11-29
03200cd41ba99ddee87a873849f7c146,湖北省实施《中华人民共和国村民委员会组织法》办法,2019-11-29,2019-11-29
6457e738d37331c3753832675a6f3ea3,湖北省农业自然资源综合管理条例,2019-11-29,2019-11-29
cfb32330e5e34737a21bdad389ec324a,湖北省就业促进条例,2019-11-29,2019-11-29
fc6b4a3b3dd02774d7a41f06a6963184,湖北省实施《中华人民共和国防洪法》办法,2019-11-29,2019-11-29
be2951fa7b24a3055dbeac52758c1d07,湖北省农业生态环境保护条例,2019-11-29,2019-11-29
a43a437a91ac53d256471192d545a845,湖北省实施《中华人民共和国水法》办法,2019-11-29,2019-11-29
82b97eae2bc8b1c41cc5b265b3d0c428,湖北省农村五保供养条例,2019-11-29,2019-11-29
075793edaac499bac65aa43d4ba5876a,湖北省建筑市场管理条例,2019-11-29,2019-11-29
db6e5a22453810dd3f087cdea4b6174a,湖北省物业服务和管理条例,2019-11-29,2019-11-29
051c93adc6e6e04546d53e8577a486b8,湖北省实施《中华人民共和国老年人权益保障法》办法,2019-11-29,2019-11-29
070ce1230c34cc536f4ca94d72dd9268,湖北省抗旱条例,2019-11-29,2019-11-29
d9a55339ac1a5d01b0fbbec5e81ccd47,湖北省实施《中华人民共和国广告法》办法,2019-11-29,2019-11-29
e4233ae9abde8f6005628a94f6deaaaf,湖北省人口与计划生育条例,2019-11-29,2019-11-29
22e537c933de7da06f233e4e4467082a,湖北省实施《中华人民共和国城市居民委员会组织法》办法,2019-11-29,2019-11-29
30efe8e3dce0e14147d5e910c962382e,湖北省水污染防治条例,2019-11-29,2019-11-29
15ea40e6396e2b6773ea57c7d7309509,湖北省土壤污染防治条例,2019-11-29,2019-11-29
7ab70740435f181ca388182c28f13939,神农架国家公园保护条例,2019-11-29,2019-11-29
0a53a2ba2fac70bd2b2be8a861b499a1,湖北省宗教事务条例,2019-11-29,2020-03-01
d98ea587b9d6d57814e8eae1ea2d7356,湖北省开发区条例,2019-11-29,2020-03-01
4977b6ae6fcefab366d78456b4a83db7,海南省社会保障卡一卡通服务管理条例,2019-11-29,2020-01-01
c9fe057b97312cb986d0597fe497bdb7,海南省生活垃圾管理条例,2019-11-29,2020-10-01
868bc3e0da5940d1b88090703b823639,义乌国际贸易综合改革试验区条例,2019-11-29,2020-01-01
014a51501892e00638656bb4cf885dd0,浙江省街道人大工作条例,2019-11-29,2020-01-01
fa868d25d79bc3e57f116169159c741f,河南省宗教事务条例,2019-11-29,2020-03-01
36d6c0a666066e5c48472ffeba2291ca,河南省旅游条例,2019-11-29,2020-04-01
352e01bd6c7dce3dbd9ce865d561b111,河南省社会信用条例,2019-11-29,2020-05-01
47168a4cb18c24e884757598de918cdb,河北省燃气管理条例,2019-11-29,2020-04-01
11c8ce7f7aba28e0957210f4b4911d12,河北省禁毒条例,2019-11-29,2020-01-01
d06b49f44b639fd305f96dfa9947b3e5,江苏省宗教事务条例,2019-11-29,2020-03-01
c0fb1d62999323271d5ef351a4fbcd9a,江苏省种子条例,2019-11-29,2020-03-01
dff46d6857926962aa11e460382fd506,新疆维吾尔自治区地质灾害防治条例,2019-11-29,2020-03-01
8ebb1c6ce147e86df83f0eca8640c4c3,广西壮族自治区水路运输管理条例,2019-11-29,2020-01-01
ad24769842ef24bf54b252e686e1e41f,广东省河道管理条例,2019-11-29,2020-01-01
971ee36b7c1c42820b1e0d5f2d8ced18,广东省行政事业性收费管理条例,2019-11-29,2020-04-01
67940bd357a31b4ef294093f3f841d3a,广东省种子条例,2019-11-29,2020-03-01
eb576d2befab406c3c1cb42289d4e2c3,广东省非物质文化遗产条例,2019-11-29,2019-11-29
0d14ea40497e0f13fada8fd839184193,广东省实验动物管理条例,2019-11-29,2019-11-29
eb59930604b6614f3eaed65332dbb6ea,广东省实施《中华人民共和国文物保护法》办法,2019-11-29,2019-11-29
a61082b83cb7d0a872c83e8dfcfedf71,广东省人口与计划生育条例,2019-11-29,2019-11-29
6ea76c2ae9770c12eeff3da13eb5ebe4,广东省外商投资企业与来料加工企业直通港澳自货自运厂车行政许可规定,2019-11-29,2019-11-29
9efca72476606bca7c0cce3ac87323c9,广东省文化设施条例,2019-11-29,2019-11-29
9e66141636c8d3ae6f7e8eaf6e6f5ca8,广东省租赁房屋治安管理规定,2019-11-29,2019-11-29
07786cf6a38eb4f4c1a81d5314478405,广东省社会力量参与救灾促进条例,2019-11-29,2019-11-29
184cb439e83f4b06a9fe6b9c3b95d712,广东省流动人口服务管理条例,2019-11-29,2019-11-29
fcb9a8aebe93931a7b113ca0e60c02eb,广东省促进科技成果转化条例,2019-11-29,2019-11-29
dea28d3cb363147292ef32728aaff7e4,中国（广东）自由贸易试验区条例,2019-11-29,2019-11-29
d3454440c268b48c26f6bf069de368e4,广东省散居少数民族权益保障条例,2019-11-29,2019-11-29
390410b9be28f03227ed42cf8636c32a,广东省环境保护条例,2019-11-29,2019-11-29
77ade9daff1d457ae6eadf85e6074579,广东省封山育林条例,2019-11-29,2019-11-29
85fa42921b775fb14d1c7d1ffd03ed3c,广东省商事登记条例,2019-11-29,2019-11-29
2e06ac9860c4a3bc2a09c5919f8ad855,广东省水利工程管理条例,2019-11-29,2019-11-29
3f40af10d1f42c2f27857a8639c5eee6,广东省促进革命老区发展条例,2019-11-29,2019-11-29
b15b0443e8d5c944174c0c772dfc1c67,广东省预算审批监督条例,2019-11-29,2020-01-01
c117f8ea3375903ced91bc1f0785bade,山西省消防条例,2019-11-29,2019-11-29
cdfc65a461e59b97fa7fcdb0c8fb7853,山西省土壤污染防治条例,2019-11-29,2020-01-01
7be0fdd7d5332d947d58890d97a015c9,山西省促进雁门关农牧交错带发展条例,2019-11-29,2020-01-01
bd388c57a3397978610af2a99edbf162,山西省促进科技成果转化条例,2019-11-29,2020-01-01
c9cdee9a5c41e94bd9a4dbf51205e82d,山东省历史文化名城名镇名村保护条例,2019-11-29,2020-03-01
f676b3a2e4c701ccf2f3de6e945c9bba,山东省土壤污染防治条例,2019-11-29,2020-01-01
cc556666deddb9d0e0141bcc4140f420,山东省测绘地理信息条例,2019-11-29,2020-03-01
637dd633f99dfb797b37140bb5e8cb0a,宁夏回族自治区人民调解条例,2019-11-29,2020-01-01
5196d5d80b141c7a14f5e727a632c6c5,青海省高速公路条例,2019-11-28,2020-01-01
6d6bf435e1a141beb1d9e893a2a3806f,辽宁省企业权益保护条例,2019-11-28,2020-02-01
4ae0b0e3576cf5ff9e58b1ff83c39348,辽宁省公共信用信息管理条例,2019-11-28,2020-02-01
dbb9090557d5cdcf6b6cfd613925609b,吉林省法律援助条例,2019-11-28,2020-01-01
f0cc05bd1083d304e4aaf64222d22f7f,吉林省消费者权益保护条例,2019-11-28,2020-03-15
2c2dd03339f53a36fab02d025b990f6c,吉林省人民代表大会议事规则,2019-11-28,2019-11-28
a9b01a971b6d1170c9b3996984943219,吉林省人民代表大会常务委员会议事规则,2019-11-28,2019-11-28
e907192387bda903f624cfb6da1a75f6,吉林省人民代表大会常务委员会主任会议工作规则,2019-11-28,2019-11-28
bc99492d53052d0eed5902a2072d46bd,吉林省人民代表大会专门委员会工作条例,2019-11-28,2019-11-28
d1170acae8429c4c4de0e6dc78b32194,内蒙古自治区各级人民代表大会常务委员会规范性文件备案审查条例,2019-11-28,2020-01-01
b91ba85957a81248f4b270fc9de4b42a,内蒙古自治区乌海市及周边地区大气污染防治条例,2019-11-28,2020-01-01
95799ef7f51361e8588f78b186fb4100,内蒙古自治区水污染防治条例,2019-11-28,2020-01-01
d8e0833fcdd761f0a27c8dd1731fa3c9,内蒙古自治区宗教事务条例,2019-11-28,2020-01-01
dd136f463f0c403f2e992f9df8a66015,云南省阳宗海保护条例,2019-11-28,2020-01-01
c1406bd209b5026015668650e0d82511,四川省公民旁听省人民代表大会及其常务委员会会议规定,2019-11-28,2019-11-28
a7a60df6a5c181c5e3bec2fd6b6da1c5,四川省城镇排水与污水处理条例,2019-11-28,2019-11-28
6e58ea91c5038186025b3f585dfa741f,四川省都江堰水利工程管理条例,2019-11-28,2020-01-01
37536456c067ae04d5b9646accc30674,四川省城乡环境综合治理条例,2019-11-28,2019-11-28
924be238c2cc23197bbed3135797e2fe,四川省宗教事务条例,2019-11-28,2020-02-01
32833fb245eea367f62f4f30bc6d5161,四川省反间谍安全防范条例,2019-11-28,2020-01-01
807a133cfb66e52f223027f76ad34dee,四川省中医药条例,2019-11-28,2019-12-01
2aca28afedca8be1dab148da483c41f4,四川省纠纷多元化解条例,2019-11-28,2020-01-01
c8bac7ff203222280207fe28cd680749,四川省古树名木保护条例,2019-11-28,2020-01-01
82657425dd46b48c49059ecf609ff1c5,江西省大气污染防治条例,2019-11-27,2019-11-27
2465de7febe39694a27f8956460f0fdc,江西省建筑管理条例,2019-11-27,2019-11-27
e90863cc0f2eb4ad1da37a7092d7b58e,江西省林木种子条例,2019-11-27,2019-11-27
2cdeba29c5b7f6480590add984901645,江西省农业机械管理条例,2019-11-27,2019-11-27
e365e51b1785086aa562d4b0a874335e,江西省物业管理条例,2019-11-27,2019-11-27
1d7907fd2bac72f2bfa066939a9ed3b1,江西省庐山风景名胜区管理条例,2019-11-27,2019-11-27
3fe32a433b95cf6cfabfafb226562174,江西武夷山国家级自然保护区条例,2019-11-27,2019-11-27
01424dd12e0fdfb46278325e86b6c23f,江西省中医药条例,2019-11-27,2020-01-01
19ec17fb6e570ef6831f4d3277c46ae7,江西省旅游者权益保护条例,2019-11-27,2020-01-01
1b2a21057c04ad0654a5e9eae816c389,江西省红十字会条例,2019-11-27,2020-01-01
d26b54e0c32fa764ff3abecd968b95ed,北京市生活垃圾管理条例,2019-11-27,2020-05-01
f723e2070966894126ff4b861562f5bb,北京市街道办事处条例,2019-11-27,2020-01-01
d8b6d366fa0c4621b26ee88c5cd4ed0e,北京市促进科技成果转化条例,2019-11-27,2020-01-01
173c0380bd1f28d688d54b029b3e1847,北京市无障碍设施建设和管理条例,2019-11-27,2019-11-27
ba5ce2e938a08146b76786c3aa140d8b,北京市实施《中华人民共和国城市居民委员会组织法》办法,2019-11-27,2019-11-27
b693e026bc154bb9bef79a3e429b2af3,北京市村民委员会选举办法,2019-11-27,2019-11-27
b45d4d6a522190a84200c2b4811f4f95,北京市实施《中华人民共和国文物保护法》办法,2019-11-27,2019-11-27
d77596c44780591a1a7f840bbb781a27,北京市水污染防治条例,2019-11-27,2019-11-27
f8246597cd6c6c8671f442a977fae626,北京市体育设施管理条例,2019-11-27,2019-11-27
2e6db41d81bdabb3025cd44c1eb9e53f,北京市实施《中华人民共和国节约能源法》办法,2019-11-27,2019-11-27
84c8a596fa259531a0f1002b77e41c00,北京市技术市场条例,2019-11-27,2019-11-27
f2e0f0b1ea6a4f7bccc08efe9aea52b1,上海市志愿服务条例,2019-11-15,2020-01-01
5f60e3e22e0cbb3545c229fec5f5566a,黑龙江省反间谍安全防范条例,2019-10-18,2019-11-01
82b30f40b5aadae29ba161accbe03694,黑龙江省文明单位建设条例,2019-10-18,2019-12-01
c80250b5879e688ccf0ecaf837e50501,黑龙江省野生动物保护条例,2019-10-18,2020-01-01
11b461032fd48579ba16777d59122199,黑龙江省生活饮用水卫生监督管理条例,2019-10-18,2020-01-01
93fdb7ad63450588ef9e44ed28090f84,安徽省信访条例,2019-09-29,2020-01-01
424c70a3ce9cd9ee3116fd94844f6b9d,湖南省人民代表大会常务委员会关于加强新时代人民检察院法律监督工作的决议,2019-09-28,2019-09-28
435b6031144216828c44085f229fd81c,湖南省实施《中华人民共和国促进科技成果转化法》办法,2019-09-28,2019-11-01
ab904bb8d52f06f207a5ee5bc87a0228,湖南省环境保护条例,2019-09-28,2020-01-01
ab8155111cf11d6ad377331c4c6ce5f5,湖南省实施《中华人民共和国种子法》办法,2019-09-28,2019-12-01
ec480fb65467c8308b116dbdda11850f,河北省租赁房屋治安管理条例,2019-09-28,2020-01-01
adf7a1a271b276f9b910b31478c94b87,河北省学校安全条例,2019-09-28,2019-12-01
06acd951c8140f8d09fd2758a1286eef,江西省植物保护条例,2019-09-28,2019-09-28
f53b9336f61103020924b480ee56bd42,江西省气象灾害防御条例,2019-09-28,2019-09-28
a0001985b9c0f57e6a0267e36992fe7d,江西省实施《中华人民共和国人民防空法》办法,2019-09-28,2019-09-28
403b105827995bd3855b12f61eaf3fc7,江西省政府非税收入管理条例,2019-09-28,2019-09-28
704848b2a6ca49c37bdc439cc2f75eb4,江西省湿地保护条例,2019-09-28,2019-09-28
793542d7955b0f455c12f1946a322477,江西省残疾人保障条例,2019-09-28,2019-09-28
54b9c1a04709e910ac99c5ab596a30cf,江西省税收保障条例,2019-09-28,2019-09-28
2b7966241dd8283edb8a3c8391ddef12,江西省食品小作坊小餐饮小食杂店小摊贩管理条例,2019-09-28,2019-09-28
9b261e0e38029628a6d5967c96a8def7,江西省安全生产条例,2019-09-28,2019-09-28
acc4d364e4b9e402baf02ddb5507b9b0,江西省农民负担监督管理条例,2019-09-28,2019-09-28
a37367133704ef4ff1c815529cef297d,江西省渔业条例,2019-09-28,2019-09-28
d9708e4a5f2c49fc3854e9ce4ea44218,江西省实施《中华人民共和国水土保持法》办法,2019-09-28,2019-09-28
12591ac7d8cae7c31ea4c91ad1a01beb,江西省工会劳动法律监督条例,2019-09-28,2019-09-28
aa457bdd25fa621d15ee74b73c365a5c,江西省人民代表大会常务委员会组成人员守则,2019-09-28,2019-09-28
89a65710b37cc67f5e22b646c80fe0f8,江西省立法条例,2019-09-28,2019-09-28
7644e5138739b35fb8e91faa1d63a597,江西省实施《中华人民共和国妇女权益保障法》办法,2019-09-28,2019-09-28
8b98e4a6b67a402c0373406bf471983e,江西省生态文明建设促进条例,2019-09-28,2020-01-01
7c6c6f1d943ef212b8bf0122c2fdfb23,江西省司法鉴定条例,2019-09-28,2020-01-01
46f319925ee3a0d43587c71e0ef086ff,云南省星云湖保护条例,2019-09-28,2020-01-01
7b5d112cba351dccf435f68ad3a0a3d5,云南省气候资源保护和开发利用条例,2019-09-28,2020-01-01
6e16719453956ac8512ad5e33cf93753,云南省社会科学普及条例,2019-09-28,2019-12-01
dbbb2ed43eb2521b0e5e4f1561572f90,陕西省封山禁牧条例,2019-09-27,2019-12-01
29ab6a0b8ed01f1f5622704297681bd0,陕西省测绘条例,2019-09-27,2019-12-01
c06e2ea864e413283b80c5a1ca9e5d75,陕西省煤炭石油天然气开发生态环境保护条例,2019-09-27,2019-12-01
a788829bee07acbf5bffb2366ed212f3,陕西省秦岭生态环境保护条例,2019-09-27,2019-12-01
8e5d4ebe4fc7258248e5e3a493a74bf1,辽宁省职工劳动权益保障条例,2019-09-27,2019-09-27
64087030a01c449964f42be5b1ee7c19,辽宁省实施《中华人民共和国体育法》若干规定,2019-09-27,2019-09-27
b511c4de329b80b2779e7f9dcb275b73,辽宁省矿产资源管理条例,2019-09-27,2019-09-27
11c860e9806836eb10edba84d54b5f87,辽宁省志愿服务条例,2019-09-27,2019-09-27
313701a5632531a272fae4d850ce6d5b,辽宁省老年人权益保障条例,2019-09-27,2019-09-27
27250e680eb333650a295cc4b4289174,辽宁省实施《中华人民共和国妇女权益保障法》规定,2019-09-27,2019-09-27
cfd842ae3a8ea204367ad882200bf92a,辽宁省石油勘探开发环境保护条例,2019-09-27,2019-09-27
63b849124cbb377e091f20920ac96e47,辽宁省实施《中华人民共和国工会法》规定,2019-09-27,2019-09-27
9bf4910c354c7448316bcebfd4f7abe5,贵州省农作物种子条例,2019-09-27,2020-01-01
14b42a478d6a5a3e489c479b726378cc,贵州省电梯条例,2019-09-27,2020-01-01
38ddab616eecb0dee0d424049dccd508,贵州省城镇燃气管理条例,2019-09-27,2020-01-01
51c0c039faeef320f133888d056efd6c,海南省大数据开发应用条例,2019-09-27,2019-11-01
8906feded39fea0adf3a25989f44a888,浙江省家庭教育促进条例,2019-09-27,2020-01-01
667e74ab78b2577caecaad9e5bdcf629,浙江省农村生活污水处理设施管理条例,2019-09-27,2020-01-01
8609a5217f7f3728291aa82977a1e99f,浙江省精神卫生条例,2019-09-27,2019-12-01
23b10837d599088e35e2ab8e7e6040cb,河南省促进科技成果转化条例,2019-09-27,2020-01-01
b7bde8b0a699f0e858eba5ae9570ce49,广西壮族自治区柑橘黄龙病防控规定,2019-09-27,2019-11-01
c5773b90ff5a7afef75682ee4e004ab7,山西省红色文化遗址保护利用条例,2019-09-27,2019-10-01
e088eae06a75535de414ec259f2abb92,山西省警务辅助人员条例,2019-09-27,2020-01-01
6bc3ca8d6d5e1f692c2988aa1d5b6b05,山东省海上搜寻救助条例,2019-09-27,2020-01-01
a34fdd5980715f9cdefe47cdc6e6136c,山东省学前教育条例,2019-09-27,2020-01-01
60f48b43edf70230b4ce70f4c16bddef,山东省人民代表大会常务委员会制定地方性法规听证规定,2019-09-27,2019-09-27
dfadc4bb0d8db8d583e93ebd53e85965,宁夏回族自治区农业机械化促进条例,2019-09-27,2019-09-27
f0fa208f396aa7a33deb1b73d1d197b0,宁夏回族自治区实施《中华人民共和国节约能源法》办法,2019-09-27,2019-09-27
8ed277e86dcc2e6cb2fe0f2d8e0fac98,宁夏回族自治区供用电条例,2019-09-27,2019-09-27
7ca9424b06fbd6c43c2a2af1ffc3d027,宁夏回族自治区道路运输管理条例,2019-09-27,2019-09-27
3ac76e47e346b2c12a0baebbb57e4a71,宁夏回族自治区实施《中华人民共和国村民委员会组织法》办法,2019-09-27,2019-09-27
c962ecfced6e80456b42479be5be0f4e,宁夏回族自治区人民代表大会代表建议、批评和意见办理工作条例,2019-09-27,2019-11-01
7f8412d8e3393afc9bc296e99d528432,宁夏回族自治区妇女权益保障条例,2019-09-27,2019-11-01
04138debe2845ec50f75373f29664ab9,宁夏回族自治区生活饮用水卫生监督管理条例,2019-09-27,2019-11-01
a745b9b33f54e056f2b16b4e95675bb6,江苏省村民委员会选举办法,2019-09-27,2019-12-01
353d5c5b0d463eb5d8bd93be2f85547c,天津市司法鉴定管理条例,2019-09-27,2019-11-01
bd16e4bdd5dadbf35c7634cffc430e5c,天津市知识产权保护条例,2019-09-27,2019-11-01
2d24ef3e04528b659132cffe1838525a,天津市公安机关警务辅助人员管理条例,2019-09-27,2019-11-01
aae4605c9530f399ecab41f80a180677,山东省人民代表大会常务委员会关于加强新时代检察机关法律监督工作的决议,2019-09-27,2019-09-27
c14e9dba647747246b34fb82e3100a6a,中国（重庆）自由贸易试验区条例,2019-09-26,2019-11-01
1f1420071c4af6438c0d1daf7f8f2ab2,重庆市节约能源条例,2019-09-26,2020-01-01
4f4541796b064105c85f99026f84b46e,重庆市实施《中华人民共和国档案法》办法,2019-09-26,2019-09-26
3bd23f012f9a387d095cb80de5dc6372,重庆市城乡规划条例,2019-09-26,2019-09-26
a726854e07270596c563e2b28fd59712,重庆市城镇房地产交易管理条例,2019-09-26,2019-09-26
a5a0a748b7cb8a72d0a75715b8236f34,重庆市土地房屋权属登记条例,2019-09-26,2019-09-26
ecfcb3fd232a2ff45ee3506444566f6d,重庆市基层法律服务条例,2019-09-26,2019-09-26
2e0a57cccf763435275a0fcfa9fea0b1,重庆市水利工程管理条例,2019-09-26,2019-12-01
2e0c28729afd73fcae35670eef90f8ad,重庆市湿地保护条例,2019-09-26,2019-12-01
c2d6b60c17dc8a0743194ac03f94da3a,重庆市野生动物保护规定,2019-09-26,2019-12-01
3c01702a323cd181c924d46c40d2e818,甘肃省环境保护条例,2019-09-26,2020-01-01
99e613c38c12fa69e46327d196ab71f3,湖北省实施《中华人民共和国会计法》办法,2019-09-26,2019-09-26
e04a3d33a1c1e828efe89395b0ff93ac,湖北省清江流域水生态环境保护条例,2019-09-26,2020-01-01
6b8b5992a63a04e4019a00c1ec278f39,广东省促进中小企业发展条例,2019-09-26,2020-01-01
c1463d1619decf3001ff014dcffb643f,内蒙古自治区中小企业促进条例,2019-09-26,2019-12-01
af427fa3c6faa5c103851ceaa7055311,内蒙古自治区乌兰牧骑条例,2019-09-26,2019-11-01
103afe845a94698758417996ca40e3b9,上海市航道条例,2019-09-26,2020-01-01
942192e3fa36986c54456b091f2945a9,上海市历史风貌区和优秀历史建筑保护条例,2019-09-26,2020-01-01
3dfbd5c8fb50e653ff3be4c026bb8f76,四川省饮用水水源保护管理条例,2019-09-26,2019-09-26
7ad57e400562ad968d919c13c9a22d47,四川省《中华人民共和国环境影响评价法》实施办法,2019-09-26,2019-09-26
cc2703063d1233280d912816431e8b5d,四川省计量监督管理条例,2019-09-26,2019-09-26
5ac00fe95f90910f8e0306545276557c,福建省各级人民代表大会常务委员会信访条例,2019-09-26,2019-09-26
5833334d75569fa39be22aea249a6690,福建省流动人口服务管理条例,2019-09-26,2019-11-01
6491ab3b3435acd8f57fdfae3163bc60,广东省自主创新促进条例,2019-09-25,2019-12-01
ed021184d8595cdd48651a13007e45d3,广东省河口滩涂管理条例,2019-09-25,2019-09-25
4b094e463ec32cac46bbf4a30f167e93,广东省动物防疫条例,2019-09-25,2019-09-25
82337af1f86907b5db7ccd0fb83d62c5,广东省渔业管理条例,2019-09-25,2019-09-25
6b1622af974e348dc21be27a6ba00f60,广东省荔枝产业保护条例,2019-09-25,2019-09-25
d8b611eb19455bbaf16f4aaadf8e08a4,广东省食品安全条例,2019-09-25,2019-09-25
641fdd4174486092bf322a6c54d158a8,广东省水产品质量安全条例,2019-09-25,2019-09-25
cac620f4eb65669839816aad505e7472,广东省高等学校学生实习与毕业生就业见习条例,2019-09-25,2019-09-25
0eb39c19c42652049f4a11c6840e6f01,广东省实施《中华人民共和国农业技术推广法》办法,2019-09-25,2019-09-25
96ac052970bf1cc684f4862ff7392852,广东省气瓶安全条例,2019-09-25,2019-09-25
970bfe6b379379aeadb8bbfee88980bd,广东省查处无照经营行为条例,2019-09-25,2019-09-25
cc95174e2d79c04a5d5ef73407fa43a4,新疆维吾尔自治区实施《中华人民共和国农民专业合作社法》办法,2019-09-20,2020-01-01
788acdfa1647f8a5f1cfd900ca21ecea,江西省开发区条例,2019-08-07,2019-10-01
2574fdb6535dbe80055d3ba3c9fafa7c,西藏自治区道路交通安全条例,2019-08-06,2019-08-06
2566a047bf1474a7ad940354de777557,西藏自治区实施《中华人民共和国科学技术普及法》办法,2019-08-06,2019-08-06
2ae010610beaf583391703a6ba2a59cb,西藏自治区气候资源条例,2019-08-06,2019-08-06
e02dcc6fc50e9c938e55887b4c7e8a11,西藏自治区布达拉宫文化遗产保护管理条例,2019-08-06,2019-08-06
353994c46acf95b45a16a688dd2874e6,西藏自治区邮政条例,2019-08-06,2019-08-06
948d13f5ee14085f8cf3909d8282e8b9,西藏自治区旅游条例,2019-08-06,2019-08-06
6abf3509b033238c2fd9c44d85f6200f,西藏自治区学习、使用和发展藏语文的规定,2019-08-06,2019-08-06
72b7ada651deeca5263d26575619a77d,西藏自治区实施《中华人民共和国献血法》办法,2019-08-06,2019-08-06
a6dccfbdbd80e5581dd2db2c5012acc5,西藏自治区流动人口服务管理条例,2019-08-06,2019-08-06
bd9e76c3a634babafb6dbf3118b32786,贵州省宗教事务条例,2019-08-01,2019-11-01
e61cd86feccb3c407551c5c825e3d454,贵州省大数据安全保障条例,2019-08-01,2019-10-01
355414e0b79f1ddf578b884b50e09b43,浙江省宗教事务条例,2019-08-01,2019-11-01
fa77ba24d64dbc4a74ab74529b4ef5bc,浙江省反走私综合治理规定,2019-08-01,2019-09-01
b4676a9274e3f414810677917299316a,吉林省辽河流域水环境保护条例,2019-08-01,2019-09-01
0b7bdcc5c740e3a772894943fada3c16,吉林长白山国家级自然保护区条例,2019-08-01,2019-10-01
df5adf846a2c50b4229f9632dc54e659,内蒙古自治区国防动员条例,2019-08-01,2019-09-01
d07a117540307d7c2e2d80ee390c50db,吉林省农村审计条例,2019-08-01,2019-08-01
9f96707007b84b95e8b512ce0e201d2d,青海省儿童计划免疫条例,2019-07-31,2019-07-31
f7bb14ddde610f51eb3e52f5259b1ed3,青海省鼠疫交通检疫条例,2019-07-31,2019-07-31
09e43d1062e9a2cf0dd605c18f8b59b5,青海省出版物发行管理条例,2019-07-31,2019-07-31
9315db6506f05f8e2aa066e07766a6d5,青海省实施《中华人民共和国招标投标法》办法,2019-07-31,2019-07-31
0a971288b11d18aeb764f58ebe8da8e6,青海省实施《中华人民共和国母婴保健法》办法,2019-07-31,2019-07-31
b296c00dc3d15584a042401db530aeb7,青海省人口与计划生育条例,2019-07-31,2019-07-31
7a739ea3b8bc8df16bf866cbc1bda9f3,青海省道路运输管理条例,2019-07-31,2019-07-31
086332978a640361d8f420b05ec1d480,青海省实施《中华人民共和国全国人民代表大会和地方各级人民代表大会代表法》办法,2019-07-31,2019-07-31
a4b4172171257aae83d7586898302ed5,青海省实施《中华人民共和国红十字会法》办法,2019-07-31,2019-10-01
13d9d042e6e3df7cd8351e4b186e1c6f,陕西省食品小作坊小餐饮及摊贩管理条例,2019-07-31,2019-07-31
05d2b57f65b2b07ff12d4f7c82c21cda,陕西省会计管理条例,2019-07-31,2019-07-31
6e54d2cdfcca3c336b3042f5e2c34d52,陕西省秦始皇陵保护条例,2019-07-31,2019-07-31
e4c0933c6aa2d66f24d25201f75f79b5,陕西省旅游条例,2019-07-31,2019-07-31
14bdfc0cb441f9cae06c3664f579bc53,陕西省实施《中华人民共和国防沙治沙法》办法,2019-07-31,2019-07-31
7d06601094889f143c0a663e4e7d392f,陕西省实施《中华人民共和国妇女权益保障法》办法,2019-07-31,2019-07-31
605e3071157ac2d7cd0f1fd0d9c75472,陕西省消费者权益保护条例,2019-07-31,2019-07-31
4ff1bc24aab9b9bb1ab837ee2b9cad9f,陕西省循环经济促进条例,2019-07-31,2019-07-31
d4a98cb851cd3d8f2ae6421d729d19c9,陕西省实施《中华人民共和国村民委员会组织法》办法,2019-07-31,2019-07-31
b7c2ce9f378caa2d5c66e0ea98930867,陕西省建筑市场管理条例,2019-07-31,2019-07-31
086d622f29c7ef95c73b0bf3fd510694,陕西省防震减灾条例,2019-07-31,2019-07-31
83690d59eca6b39d681957009dc1f0b4,陕西省高新技术产业发展条例,2019-07-31,2019-07-31
ec6d6508e12ca746554538866c545076,陕西省固体废物污染环境防治条例,2019-07-31,2019-07-31
26a6c9d1a770e7186925cb98caaa26ab,陕西省放射性污染防治条例,2019-07-31,2019-07-31
5abd8e887c04d8bd5703ce7da4126691,陕西省森林公园条例,2019-07-31,2019-07-31
abf9170521b37b3119e7d03bc25457c8,陕西省大气污染防治条例,2019-07-31,2019-07-31
e70fefcded2f93edb0ff1991487a5c55,陕西省实施《中华人民共和国城市居民委员会组织法》办法,2019-07-31,2019-07-31
8f4451233a14aa967b8a4cad6c4e117c,陕西省文物保护条例,2019-07-31,2019-07-31
1f47b234f177b7a6e589f193d702c039,陕西省现代农业园区条例,2019-07-31,2019-07-31
c4936bccffec98d7ee7a3ad1dc853765,陕西省实施《中华人民共和国残疾人保障法》办法,2019-07-31,2019-07-31
6a29a49cbdfb718ac1e4a7d95523c354,陕西省实施《中华人民共和国老年人权益保障法》办法,2019-07-31,2019-07-31
a0481f0befd677bed4bef7ccc3a780ab,陕西省就业促进条例,2019-07-31,2019-07-31
b5def56ce339caba38fb7d87ab9be47b,陕西省质量检验机构管理条例,2019-07-31,2019-07-31
d5abcf639e2b0b9a903f7f7ef61b85ce,陕西省新型墙体材料发展应用条例,2019-07-31,2019-07-31
53f4310c550bdb46bb406b90eb878f34,陕西省地质灾害防治条例,2019-07-31,2019-07-31
09aeda5758909719b0d1a3fb1d4367cc,陕西省古树名木保护条例,2019-07-31,2019-07-31
ed0aa514689affeefeb67ca31aad88aa,陕西省产品质量监督管理条例,2019-07-31,2019-07-31
6b199aabebc69a8a486af2a808a1e37b,辽宁省河长湖长制条例,2019-07-31,2019-10-01
85bcaa6490e8c334164daa3e46d55b23,辽宁省优化营商环境条例,2019-07-31,2019-10-01
06fe391434d9b5b58a61c91709019aa4,辽宁省企业国有资产监督管理条例,2019-07-31,2019-10-01
5aba52fe4f9a2107507c2fc97bf9b20c,辽宁省矿山综合治理条例,2019-07-31,2019-10-01
299a6be0409f623583078177942d761d,山西省水污染防治条例,2019-07-31,2019-10-01
1b7cec85307a30781c0ef36a8ad86d3b,山西省志愿服务条例,2019-07-31,2019-10-01
72ddc84a3768cd83997db10bd3c9f1f4,山西省行政执法条例,2019-07-31,2020-01-01
b18dde9793ab2346f11729d1f3c7159b,天津市政府投资管理条例,2019-07-31,2019-09-01
62f6d6bcbf1d41fb93d02afe2ab65b01,天津市节约用水条例,2019-07-31,2019-07-31
a2e962f07676a8ca1f79a9495637cb38,天津市优化营商环境条例,2019-07-31,2019-09-01
bb2427ddc8f81c335dd5fd7ec5e37fb0,辽宁省道路交通安全违法行为罚款执行标准规定,2019-07-30,2019-07-30
744f7ddd02c920619ff6a3043ea5564e,海南省无线电管理条例,2019-07-29,2019-09-01
1d16899d77ba755b61617d9776ac26a4,海南省林木种子管理条例,2019-07-29,2019-09-01
790ba4c021921bb75c6517337eabb823,海南省测绘地理信息条例,2019-07-29,2019-09-01
fe619258601701188a51a59041d1f42d,安徽省商会条例,2019-07-29,2019-10-01
3abd03e0595f5ecaeceee4a906c6c3b7,安徽省价格监督检查条例,2019-07-29,2019-10-01
97c7e19db176fe6e5745cfb2fc564a14,湖北省实施《中华人民共和国促进科技成果转化法》办法,2019-07-26,2019-11-01
adccd73f54cc518537675ae4e752a2c3,湖北省中医药条例,2019-07-26,2019-11-01
0c5d9a1cea976bcb45a4c06ace61de2a,湖北省司法鉴定条例,2019-07-26,2019-11-01
70f91d08cd3733134a35e7c47473d7e4,新疆维吾尔自治区艾滋病防治条例,2019-07-26,2019-10-01
6c869f7597f2e8a45fc1231bf718b721,山东省宗教事务条例,2019-07-26,2019-10-01
78bcac8401b0bdf0c8a20ac71a17d901,山东省长岛海洋生态保护条例,2019-07-26,2019-10-01
8da9e00626c4ba12e771160818e0a7c1,山东省新旧动能转换促进条例,2019-07-26,2019-10-01
74d35f68cec9e205e57c89041ccbb2d1,北京市古树名木保护管理条例,2019-07-26,2019-07-26
f253bc1edefb622cea84de722c2ef2da,北京市湿地保护条例,2019-07-26,2019-07-26
3bc06e3b2614358f48897f4c014dacaa,北京市绿化条例,2019-07-26,2019-07-26
aa4e1774431aa58eafa57c3faeee79d2,北京市农业机械化促进条例,2019-07-26,2019-07-26
9ac469bb40216e5331c61c8a48b29a1b,北京市实施《中华人民共和国气象法》办法,2019-07-26,2019-07-26
6c579bc262621a5b75362f2a2f9c807f,北京市公园条例,2019-07-26,2019-07-26
b64f88c59a741e021c6e8ac67da40837,北京市水土保持条例,2019-07-26,2019-07-26
84b207082683f1283f554c39ac70c098,北京市河湖保护管理条例,2019-07-26,2019-07-26
d9756e21f8a6230fd6dfe11ba5b0b69b,北京市实施《中华人民共和国防洪法》办法,2019-07-26,2019-07-26
ab6c774803a3b1d8fd0a9099258ae105,北京市动物防疫条例,2019-07-26,2019-07-26
46343a4c8abd274abb81f952a81065cb,北京市实施《中华人民共和国水法》办法,2019-07-26,2019-07-26
638e1b3105a2c027e1dff31a7ab88fe2,福建省电梯安全管理条例,2019-07-26,2019-10-01
4eee8c5c48c1e2cc82a7cac416183485,江西省人民代表大会常务委员会关于批准江西省耕地占用税适用税额方案的决议,2019-07-26,2019-07-26
fa94ad996c7df5cb324d45971814bded,福建省行政执法条例,2019-07-26,2019-10-01
af50c0f5cb7150e7eda9aec52caf3a01,福建省城乡生活垃圾管理条例,2019-07-26,2020-01-01
835a1f55ad2ebf361d197d65f514482b,福建省人民代表大会常务委员会关于批准耕地占用税我省适用税额方案的决议,2019-07-26,2019-09-01
5dc06dbd90cc9d7180c55d3a9522f838,甘肃省实施《中华人民共和国村民委员会组织法》办法,2019-07-25,2019-07-25
8a0d096227396d785082385770af34e0,甘肃省村民委员会选举办法,2019-07-25,2019-07-25
de5df34b8de920dc71ca2680fc9be481,甘肃省实施《中华人民共和国城市居民委员会组织法》办法,2019-07-25,2019-07-25
fce252afe7c6c5fefd9a6d716aa4bf4b,甘肃省建设工程勘察设计管理条例,2019-07-25,2019-10-01
07393ce0dc16e56a77f8115ac62926ab,河北省建筑条例,2019-07-25,2019-07-25
fe0251495d181036544bf570c8e42118,河北省企业集体协商条例,2019-07-25,2019-07-25
06ee0b56fe567dd594f959e5bd76f11d,河北省终身教育促进条例,2019-07-25,2019-07-25
f992915a991d1389a72def49eae504f5,河北省商品条码管理条例,2019-07-25,2019-07-25
fcc68391dd516afbb6b9d26a1e2a0886,河北省民办教育条例,2019-07-25,2019-07-25
476283bffa9b529b0eee38ffb2c33c72,河北省食品小作坊小餐饮小摊点管理条例,2019-07-25,2019-07-25
808ab04268eb674af77ef79ea3758546,广西壮族自治区测绘管理条例,2019-07-25,2019-10-01
a1e03b1613fa27ce4ef3f4796c83e26b,广西壮族自治区铁路安全管理条例,2019-07-25,2019-10-01
75ffc4f53b3d9bbff367bbf069ca4c5c,广西壮族自治区文明行为促进条例,2019-07-25,2019-09-01
3eb98544416071383641c12d6b25aa7e,广西壮族自治区环境保护条例,2019-07-25,2019-07-25
cd0cf58aca0fa7e01e42ec6a8bea3831,广西壮族自治区土地山林水利权属纠纷调解处理条例,2019-07-25,2019-07-25
d46374536676f6785f7be08e468ffa11,广西壮族自治区个体工商户条例,2019-07-25,2019-07-25
fa3370d9152650bb44270bf8efab512e,广西壮族自治区人口和计划生育条例,2019-07-25,2019-07-25
f6fa1b85b39cbbe504899dffa63ab452,广西壮族自治区体育市场条例,2019-07-25,2019-07-25
8f76815a61c0493d1cd1e47811cd7dbe,广西壮族自治区私营企业条例,2019-07-25,2019-07-25
39ba1943b82b43615901994c26c99ee6,广西壮族自治区消费者权益保护条例,2019-07-25,2019-07-25
c0d900e1570705dba096dd70817fa89f,广西壮族自治区实施《中华人民共和国老年人权益保障法》办法,2019-07-25,2019-07-25
ffb429b2bc5f64317aa976fe96464439,广西壮族自治区土地监察条例,2019-07-25,2019-07-25
3201bd150fdb002fcdc12fadf4b463b4,广西壮族自治区航道管理条例,2019-07-25,2019-07-25
fee55a669c04d11847e181338859d4ec,广西壮族自治区反不正当竞争条例,2019-07-25,2019-07-25
9b066d276f8999d39b90bd0564e60500,广西壮族自治区新型墙体材料促进条例,2019-07-25,2019-07-25
6ac9c407a7969bacf785927186059013,广西壮族自治区商品交易市场管理条例,2019-07-25,2019-07-25
d7ae583762676731dec0a3a634e0607b,广西壮族自治区实施《中华人民共和国土地管理法》办法,2019-07-25,2019-07-25
364341e70a8821a664cd2aa19ce08561,广西壮族自治区民用建筑节能条例,2019-07-25,2019-07-25
c7b677678bb56e27f7a8c8cacb9f7739,广西壮族自治区产品质量监督管理条例,2019-07-25,2019-07-25
752dbb4f116f5c7a1d86f3b12f921afd,广西壮族自治区实施《中华人民共和国公路法》办法,2019-07-25,2019-07-25
d35d2b1d8ff821353422192f05a305ad,广西壮族自治区合同格式条款监督管理条例,2019-07-25,2019-07-25
a8333126141572f98600b739f6c2aa2e,广西壮族自治区艾滋病防治条例,2019-07-25,2019-07-25
ab227693899f7dd8677b5b13122b7268,广西壮族自治区燃气管理条例,2019-07-25,2019-07-25
9e4e9c4df5922d6a3317d401b9a039b1,广西壮族自治区地质环境保护条例,2019-07-25,2019-07-25
0fec74e373856f732e53abacd22cf280,云南省程海保护条例,2019-07-25,2019-10-01
216c7616cfc3e9067c4f2da95b15ea08,上海市标准化条例,2019-07-25,2019-10-01
82f872ce829af84c7648c34782f64e28,宁夏回族自治区志愿服务条例,2019-07-17,2019-09-01
77f02afe4dc7269f561a346762008419,宁夏回族自治区河湖管理保护条例,2019-07-17,2019-09-01
4f617ecba33a123605cecf94462ea76c,黑龙江省食品安全条例,2019-06-28,2019-10-01
9f9a526fc343986ca4157c8b6bf8c256,河南省安全生产条例,2019-06-06,2019-10-01
5397e25e24628c9dfe426f69bda32217,河南省水污染防治条例,2019-06-05,2019-10-01
9a69ddd1ebde25d5e65bdc77fb5f5d0e,重庆市宗教事务条例,2019-05-31,2020-01-01
ff16e4043519e950ac9906757c782d51,重庆市天然气管理条例,2019-05-31,2020-01-01
30afc6d81fc2f55e80cf75963d6a2f9f,重庆市长江防护林体系管理条例,2019-05-31,2019-05-31
f423a71b7a74777daa3d9a850e42ccd4,贵州省全民阅读促进条例,2019-05-31,2019-08-01
e90e61f270f66227657ee7de506673d5,贵州省生态环境保护条例,2019-05-31,2019-08-01
ab67cfcf03d3f5fbbefcaac95822bb20,甘肃省长城保护条例,2019-05-31,2019-07-01
f174400da7d6529e6045d0df731b01e1,甘肃省统计条例,2019-05-31,2019-07-01
7a73132acc3bb30fb87ba7d551dbd813,浙江省教育督导条例,2019-05-31,2019-09-01
afb335de624d7128d3024c4051089523,内蒙古自治区人口与计划生育条例,2019-05-31,2019-05-31
df019a03311bb755985b18d43b9b8f01,内蒙古自治区实施《中华人民共和国道路交通安全法》办法,2019-05-31,2019-05-31
4483a1358da7771361d27f610c606dc8,内蒙古自治区城乡规划条例,2019-05-31,2019-05-31
b3a47ca8b51e0adf893112b2ebd0f4a8,内蒙古自治区农作物种子条例,2019-05-31,2019-07-01
dc44a2496477f21c38b0d24455198fc8,内蒙古自治区民用建筑节能和绿色建筑发展条例,2019-05-31,2019-09-01
6c86fd633daa42e0a654d39010caac39,青海省民用机场管理条例,2019-05-30,2019-08-01
3e0c77305ccf5e2830fec952d7cdf2f6,陕西省实施《中华人民共和国慈善法》办法,2019-05-30,2019-09-01
c7c12f84b1b698376fb746ee95907242,辽宁省实施《中华人民共和国村民委员会组织法》办法,2019-05-30,2019-05-30
d10884e81c393eb2626e7dc7f9c274f2,辽宁省村民委员会选举办法,2019-05-30,2019-05-30
0bfac66d021cf7f6d77fd321d8273914,辽宁省实施《中华人民共和国城市居民委员会组织法》办法,2019-05-30,2019-05-30
03e0678f132819aa8daaab15557c6c02,辽宁省电信管理条例,2019-05-30,2019-05-30
bba7b51a563724617c97cd121e573a1d,湖南省人民代表大会常务委员会关于推进人民法院切实解决执行难的决议,2019-05-30,2019-05-30
8d951b31eea7c34a7687c79358989d2e,湖南省实施《中华人民共和国反家庭暴力法》办法,2019-05-30,2019-07-01
79957743ca4ac1c63331611a92b87a8c,河北省行政执法监督条例,2019-05-30,2019-07-01
69849ff0a11d037660ca202cb94c9945,河北省文明行为促进条例,2019-05-30,2019-09-01
6dffe47f21f6d80239774f8d6aee2122,江苏省实施《中华人民共和国村民委员会组织法》办法,2019-05-30,2019-05-30
0135286dd956097eec78c1c199ffea0d,江苏省市辖区、不设区的市人民代表大会常务委员会街道工作委员会工作条例,2019-05-30,2019-07-01
25f459cb80cd3f6383b38ed001d4e09e,山西省防震减灾条例,2019-05-30,2019-05-30
e92424eab239a53c242301c537b9aed1,山西省建设工程勘察设计管理条例,2019-05-30,2019-05-30
3e8dd0fad5e4f2e2a6b1ecde245fa5a5,山西省建设工程抗震设防条例,2019-05-30,2019-05-30
761d2146357879d9e3db3c7b950b4e03,山西省道路运输条例,2019-05-30,2019-05-30
3b858ccae42756f1c6a98a86586007c5,山西省企业投资项目承诺制规定,2019-05-30,2019-07-01
bcc311a522a78deec7a8e2e058f2c1ca,天津市地方金融监督管理条例,2019-05-30,2019-07-01
1e7574a416dae6ee1f1dbf1e4fc2a252,天津经济技术开发区条例,2019-05-30,2019-05-30
0c934106cee82a9d170ba05cbc9eb004,天津港保税区条例,2019-05-30,2019-05-30
e95b84e05d1e0f43f5d8ebc92f6621e7,天津新技术产业园区管理条例,2019-05-30,2019-05-30
8895060277ff02040a1c7ac810ddced1,天津市盐业管理条例,2019-05-30,2019-05-30
b36d621ff0e8af146620a095d29748d8,天津市实施《中华人民共和国村民委员会组织法》办法,2019-05-30,2019-05-30
ae5be5fce73cca0e6e68dd1b437a9f18,天津市实施《中华人民共和国城市居民委员会组织法》办法,2019-05-30,2019-05-30
810066d6c45629d2e4c6c38324fcd222,天津市失业保险条例,2019-05-30,2019-05-30
ab75b0b04a24b76d9c4d1260473b62fd,天津市村民委员会选举办法,2019-05-30,2019-05-30
ac5e848de6fa1fcd3e3629ed9cb8cc38,天津市人民代表大会常务委员会执法检查办法,2019-05-30,2019-05-30
0275b32b3d8402e189e986a773734369,天津市不动产登记条例,2019-05-30,2019-05-30
c45fc24995ae0d684b7bc4c6cef7c1c3,天津市畜牧条例,2019-05-30,2019-05-30
4c136e511dddd191f8cd522463935619,天津市海域使用管理条例,2019-05-30,2019-05-30
ed925c7f549f16a7e87ae0a015399e7e,天津市城乡规划条例,2019-05-30,2019-05-30
3e8ec29384cd1d252562a218fe4f224c,吉林省优化营商环境条例,2019-05-30,2019-05-30
c7e681464a4a22a17825bff55f03bf93,吉林省实施《中华人民共和国水法》办法,2019-05-30,2019-05-30
47d031c960e4db30d4f6793e67b94336,吉林省林地保护条例,2019-05-30,2019-05-30
f03c5d84a04056611c28be8c8acd4a92,吉林省集体林业管理条例,2019-05-30,2019-05-30
a7e7c8936cf424e958e6eb25c58fbe4c,吉林省绿化条例,2019-05-30,2019-05-30
403a113b667abe0053c5bdd2cce253cc,吉林省土地管理条例,2019-05-30,2019-05-30
8867229e86c61bb22f196b2e4e320684,吉林省耕地质量保护条例,2019-05-30,2019-05-30
d4b64086bdbc746b6fa963223fdd16f1,吉林省农业机械管理条例,2019-05-30,2019-05-30
2dca2296b85659e9a5910b6ff716cfa6,吉林省渔业管理条例,2019-05-30,2019-05-30
ac0eefa7a9c6785e98b1678a53e3eb1a,吉林省森林管理条例,2019-05-30,2019-05-30
45f403f4f4328c3be8c1956570ad2a43,吉林省水文条例,2019-05-30,2019-05-30
b5bea3dc9aa496e6be3c2468133cbb02,吉林省职业教育校企合作促进条例,2019-05-30,2019-07-01
740947992444937762621a604c486895,北京市实施《中华人民共和国残疾人保障法》办法,2019-05-30,2019-05-30
93c3f8a5bf8b9a88bae4c09adebc7441,吉林省地方志工作条例,2019-05-30,2019-05-30
a9180a3cfc1066e7538077722993c5ba,安徽省淠史杭灌区管理条例,2019-05-27,2019-08-19
f8abc7e90a0621a68151332b89465df6,安徽省中小企业促进条例,2019-05-27,2019-07-01
a19a3873a2610a047442ad788989f5e9,四川省沱江流域水环境保护条例,2019-05-23,2019-09-01
a05fbb5dd3533457f7483aeff368346c,中国（四川）自由贸易试验区条例,2019-05-23,2019-07-01
a00986f21c7e4479593a5203b738f215,四川省阆中古城保护条例,2019-05-23,2019-07-30
077f97a345bf2276c58f5dd05c7c7cb4,广东省全民健身条例,2019-05-21,2019-07-01
b6c5d42d0bddb069a5738581101f6b91,广东省农村公路条例,2019-05-21,2019-09-01
dd554b1b4cebd0a080184c5a18c1692f,广东省工伤保险条例,2019-05-21,2019-07-01
4f7230414bd3b5ef17a6de77a2ed92c5,广东省劳动保障监察条例,2019-05-21,2019-05-21
6318915664c2dd6b481940a9f52233ac,安徽省城镇燃气管理条例,2019-04-01,2019-05-01
bf72599cb7b3e6bf0f8c94d3779e4c4f,陕西省公共文化服务保障条例,2019-03-29,2019-07-01
b3f38f0563cbfbe4147cc16446c86088,贵州省林地管理条例,2019-03-29,2019-03-29
941a6809f1da543d054d54047043ff10,贵州省法律援助条例,2019-03-29,2019-03-29
665c42a93a3239b2e6197f12ea17fff1,贵州省义务教育条例,2019-03-29,2019-03-29
8bcdc88c1c8bd390b1cbdff6f8ddfa7a,贵州省人力资源市场条例,2019-03-29,2019-03-29
6fdc3dded23098a3a6d425ac948cd038,贵州省组织实施宪法宣誓制度办法,2019-03-29,2019-03-29
85bbf32f9e8e908c43201190cd5541ed,贵州省无线电管理条例,2019-03-29,2019-05-01
e359eaad46c89365b0cc5aee97912d57,江苏省城乡规划条例,2019-03-29,2019-05-01
9b42e5048baa9f8b1742fcb6a3c5a48c,江苏省献血条例,2019-03-29,2019-05-01
dc7c482d09203a9a1938fc5a075cf8c5,江苏省机动车排气污染防治条例,2019-03-29,2019-05-01
fe3c20a1b9bd957b3c81f02000581924,江苏省渔业管理条例,2019-03-29,2019-05-01
b7524dfa8215b02cad9cb373867326c1,江苏省特种行业治安管理条例,2019-03-29,2019-05-01
d8f978d42e981dab69c15853cf07173f,江苏省公共场所治安管理条例,2019-03-29,2019-05-01
a4e9ffe300109fe7469a291ad34a8f4d,江苏省专利促进条例,2019-03-29,2019-05-01
59e80bed9d2a4615f417d4e97ad9999b,江苏省禁毒条例,2019-03-29,2019-05-01
d6b99c6c66a911fc8d9cc01ad7fe032e,江苏省实施《中华人民共和国义务教育法》办法,2019-03-29,2019-05-01
b82e57ff7eb31e62b5ffba2d7dc36d0b,江苏省职业教育校企合作促进条例,2019-03-29,2019-05-01
e3c2839e6b2f620cc9dafda18882640c,江苏省海洋经济促进条例,2019-03-29,2019-06-01
623e53cdd956c804eeab5f41fe86ee09,江苏省水路交通运输条例,2019-03-29,2019-08-01
caa1bcc84fdc2e8f20e94f2676697bcd,江苏省家庭教育促进条例,2019-03-29,2019-06-01
d65b8322e6868f8e7ed38257eea0899a,广西壮族自治区电梯安全条例,2019-03-29,2019-06-01
27cea7178f98ea1ccc3f270d5c00d9d3,山东省种子条例,2019-03-29,2019-06-01
a43d2aef85dc08c0a1f0f3b52495482f,山东省精神卫生条例,2019-03-29,2019-06-01
9c99a0f3bc313caa4948ef734bf5d4b9,天津市文明行为促进条例,2019-03-29,2019-05-01
359802bbcaaf30a0a9a8a608b187e872,北京市城乡规划条例,2019-03-29,2019-04-28
27291a83d4fb709a20041477c1c126b3,福建省非物质文化遗产条例,2019-03-29,2019-06-01
03635e504bdbfd7435fb35c5b7236744,湖北省反家庭暴力条例,2019-03-29,2019-06-01
ef7475750e9f88c97f563156a325b620,贵州省组织实施宪法宣誓制度办法修正案,2019-03-29,2019-03-29
542bb1efa87843508851dac4c8b130b8,甘肃省农作物种子条例,2019-03-28,2019-05-01
b2c6778ce49ff6a6ad6224778324a3be,甘肃省农产品质量安全条例,2019-03-28,2019-05-01
56e4c828d61d4ae1c53890f09a2d3621,甘肃省宗教事务条例,2019-03-28,2019-07-01
c3ae3404398cf80993ce7af3f5aa0d6e,湖南省长株潭城市群生态绿心地区保护条例,2019-03-28,2019-03-28
c3a95d8480a4ed6fe9596e89bd8ab3d5,浙江省测绘地理信息条例,2019-03-28,2019-05-01
edad40e213cd255708c143e912bb0bc3,浙江省实施《中华人民共和国反恐怖主义法》办法,2019-03-28,2019-05-01
67699a14f0d4a96957d8577a7cd24152,浙江省无人驾驶航空器公共安全管理规定,2019-03-28,2019-05-01
9915d974bf673d643fa750d7b32e0ae4,江西省实施《中华人民共和国野生动物保护法》办法,2019-03-28,2019-07-01
e1ebfa4c35d6dcdef490cbb129dfd737,江西省实施《中华人民共和国慈善法》办法,2019-03-28,2019-07-01
b8c593a991d704a309ced582010c40e3,江西省宗教事务条例,2019-03-28,2019-05-01
b7eb78affd4abbf61806db35b0cb09dc,新疆维吾尔自治区公路建设工程质量监督管理条例,2019-03-28,2019-07-01
0d6797e9f0faa5c215f36110bda99754,广东省全民阅读促进条例,2019-03-28,2019-06-01
12ed9e5d83336b5b26b3071db1902143,广东省化妆品安全条例,2019-03-28,2019-07-01
7f2d48bea2f7d8581d7dba55c8437ded,广东省河道采砂管理条例,2019-03-28,2019-07-01
251f1097ec3c0a795adab190c73f4327,广东省无线电管理条例,2019-03-28,2019-07-01
2dbd245d6415dba7c3aa7977427f3c97,广东省红十字会条例,2019-03-28,2019-05-08
51ae99b4605fba739e0ca244112a9421,广东省防汛防旱防风条例,2019-03-28,2019-03-28
5e4d72175fe540f2b539b8d8651921e3,吉林省艾滋病防治条例,2019-03-28,2019-06-01
e8675d11bb5e442388d0e120de9cd04b,吉林省农民专业合作社条例,2019-03-28,2019-07-01
49776b696e6fa9edc99e934f758fb896,吉林省河湖长制条例,2019-03-28,2019-03-28
14674f9cd8ae0f57ca9c6f58e6cd95af,四川省地方金融监督管理条例,2019-03-28,2019-07-01
ce82fcae4afeedcf4254bb77b40d362c,河北省统计条例,2019-03-27,2019-05-01
b72f096b38b81efd9cc3f0eac98561c3,中国（海南）自由贸易试验区重点园区极简审批条例,2019-03-26,2019-04-01
da9e5cf64a80e190995d8ca69acad24a,宁夏回族自治区食品生产加工小作坊小经营店和食品小摊点管理条例,2019-03-26,2019-03-26
db3ef7ec53c48a85e0d9cbca9cb8291b,宁夏回族自治区环境保护条例,2019-03-26,2019-03-26
70d5cdaacad81d39b0b7bb85766649c0,宁夏回族自治区大气污染防治条例,2019-03-26,2019-03-26
1dca5d9c4020e337dc8e2a1fb404aa88,宁夏回族自治区城市房地产开发经营管理条例,2019-03-26,2019-03-26
5ae06f2ca870878b854e96ebd4f3a62b,宁夏回族自治区环境教育条例,2019-03-26,2019-03-26
1450967db40e4d9502d3bb3b3f78e42a,宁夏回族自治区乡、镇人民政府工作条例,2019-03-26,2019-03-26
e84034fcdc72a069a33d3d729409344e,宁夏回族自治区污染物排放管理条例,2019-03-26,2019-03-26
fbb0cb442af7b1d9d7ecef5fdaa6b7e8,宁夏回族自治区技术市场管理条例,2019-03-26,2019-03-26
0ded50bf28a1641abfcaeb32b2977942,宁夏回族自治区实施《中华人民共和国国防教育法》办法,2019-03-26,2019-03-26
2cb359b924f75c4f26e2d5a268cb7d24,宁夏回族自治区实施《中华人民共和国城市居民委员会组织法》办法,2019-03-26,2019-03-26
1fa7b4e06211bf04f9b6770822ca38bf,宁夏回族自治区财政监督条例,2019-03-26,2019-03-26
9b9b183803a88ce585b24baafc7517ea,宁夏回族自治区商品交易市场管理条例,2019-03-26,2019-03-26
3c2f56067508b0198203b9485b347089,宁夏回族自治区村民委员会选举办法,2019-03-26,2019-03-26
b37147f8f6a3d96c9e50d805f2af1656,宁夏回族自治区人才市场条例,2019-03-26,2019-03-26
2573cb0ef07fd1fc644ec647a0cc6333,宁夏回族自治区枸杞产业促进条例,2019-03-26,2019-03-26
cdd274cfda62a98a8c8ceb513637a62f,宁夏回族自治区城市绿化管理条例,2019-03-26,2019-03-26
a8bcccf672078c0eae157516a46c757b,宁夏回族自治区人口与计划生育条例,2019-03-26,2019-03-26
8772268536484c0266020a9fc2f372a4,宁夏回族自治区防沙治沙条例,2019-03-26,2019-03-26
48f7a420328345c5295267b587f3d7e2,云南省老年人权益保障条例,2019-03-26,2019-10-01
8525244ab3f291bba565c2bc2f9d6d0a,青海省促进民族团结进步条例,2019-03-22,2019-05-01
d19dd2523581abc3012357352e36d959,山西省哲学社会科学普及条例,2019-03-22,2019-06-01
64de2f3334a98a7d32f0c3c82aa783ec,山东省人民代表大会议事规则,2019-02-18,2019-02-18
95694a7f704fc3ad558ce39ae61c4dbf,广西壮族自治区食品安全条例,2019-01-31,2019-06-01
491372e6e4da487721b7e3c3d1822b68,云南省民族团结进步示范区建设条例,2019-01-31,2019-05-01
44484bc93645670cf971e27751719b19,上海市生活垃圾管理条例,2019-01-31,2019-07-01
350ec60ede970251546b11350f8573f9,山西省开发区条例,2019-01-30,2019-03-01
e05a953d129a8799d22704566fb91e30,湖南省高新技术发展条例,2019-01-20,2019-04-01
708d35d8c00096b10e96e317fe6f01d0,河南省预算审查监督条例,2019-01-20,2019-10-01
b3856ccb8d6ba5a0bd95ebf8517bfbae,北京市非物质文化遗产条例,2019-01-20,2019-06-01
a24a49057a415ffebe096704eda0ef78,黑龙江省优化营商环境条例,2019-01-18,2019-03-01
e6e5865dcf8cc05234d0a8f92e47f3c8,天津市生态环境保护条例,2019-01-18,2019-03-01
d3096efc032f9277ffa580ff27e2ae44,陕西省水文条例,2019-01-17,2019-03-01
e2c5cc92c54d45961d932a43e698a502,贵州省河道条例,2019-01-17,2019-05-01
189078a215da47b3e197f26c3158c7a6,广东省林地保护管理条例,2019-01-16,2019-01-16
6e2360f1c894a8135bfc2923fe02f9cb,广东省渔港和渔业船舶管理条例,2019-01-16,2019-01-16
3170707dae8ddd39ac861c3d40261b2c,宁夏回族自治区人民代表大会常务委员会关于全面加强生态环境保护依法推动打好污染防治攻坚战建设美丽新宁夏的决议,2019-01-14,2019-01-14
250528e0127df85368b306870b4fa9c4,江苏省不动产登记条例,2019-01-11,2019-05-01
e53ad69e2c5585b38b5c3828a1a68f75,江苏省广告条例,2019-01-11,2019-03-01
ec31193e7cf319780259fbdc6085fdb0,四川省预算审查监督条例,2019-01-10,2019-04-01
2e72d9b65cd7af90e325664c2d055ab6,黑龙江省人民代表大会常务委员会大兴安岭地区工作委员会工作条例,2018-12-27,2018-12-27
f0bbb14fb67eb2483724368cf92d7138,贵州省牲畜屠宰条例,2018-12-18,2018-12-18
ce22f90118b461ae342eafb516c84070,天津市人才流动条例,2018-12-14,2018-12-14
9503c579c8395458d9cdd7291eda3bd6,天津市道路交通安全管理若干规定,2018-12-14,2018-12-14
792d826a96aa3c52bae8424e7fa1c1cd,天津市农业机械管理条例,2018-12-14,2018-12-14
75106de8fb412780b9cad1a14925fbc3,内蒙古自治区环境保护条例,2018-12-06,2018-12-06
9976605b9dff412301f0bfd37d8dd5b5,海南省农产品质量安全条例,2018-12-01,2018-12-01
d80261e5ce08992f09c49c0c5726ec36,浙江省普陀山风景名胜区条例,2018-11-30,2018-11-30
a54bd42b315563edde6fea2ba33fcd9c,浙江省土地利用总体规划条例,2018-11-30,2018-11-30
7d87972a67123271babc4c1d07075ee0,新疆维吾尔自治区人民代表大会代表建议、批评、意见办理规则,2018-11-30,2019-01-01
be62c60c44c704e53666618408aaa1ae,广东省韩江流域水质保护条例,2018-11-29,2018-11-29
f6f80a337506468087a2b0154ce49d36,广东省风景名胜区条例,2018-11-29,2018-11-29
570c25906a3d839c5b6438327f73c027,广东省跨行政区域河流交接断面水质保护管理条例,2018-11-29,2018-11-29
f4ca27e600ef6170b24f2ea525a971a4,广东省东江水系水质保护条例,2018-11-29,2018-11-29
ed544fe6277e765ba915e13a228b43ae,广东省西江水系水质保护条例,2018-11-29,2018-11-29
e86638394f07cf2311ca8f85922d493d,广东省饮用水源水质保护条例,2018-11-29,2018-11-29
a7ffd004c42c8f314ac8ad41b85a93df,云南省职业介绍条例,2018-11-29,2018-11-29
803e8b82cc58ec1e10071447c8bccf36,云南省城市建设管理条例,2018-11-29,2018-11-29
92578dcc3a49563e4f4f981ce33a58e1,云南省滇池保护条例,2018-11-29,2018-11-29
cbd615ec8b96916fb6a86cd020e71a9e,云南省文化市场管理条例,2018-11-29,2018-11-29
69067e475fa2768c9a1cc2c8e40714d0,云南省阳宗海保护条例,2018-11-29,2018-11-29
273f82b09bf0398d965b939a8d84f524,云南省土地管理条例,2018-11-29,2018-11-29
aec9d49eca7a7321e9adb6691611f818,云南省杞麓湖保护条例,2018-11-29,2019-03-01
d97e31f468d12666c978ad4efe646f0a,江苏省机动车排气污染防治条例,2018-11-23,2018-11-23
8ecaf84799704337e644e395da61c3f2,江苏省散装水泥促进条例,2018-11-23,2018-11-23
0a5bdde848cdb1bcf0ea266a5590156e,江苏省发展新型墙体材料条例,2018-11-23,2018-11-23
c5f9d6e30d8b5304aec30ce515326150,上海市实施《中华人民共和国气象法》办法,2018-11-22,2019-01-01
e6b781a586b915eab8df4bf6cf06b6fe,河南省固体废物污染环境防治条例,2018-09-30,2018-09-30
20d9f8820da37b19a93c013304461ac4,山西省重点工业污染监督条例,2018-09-30,2018-09-30
b504676a9133f07f4fcf007a09782e06,山西省汾河流域水污染防治条例,2018-09-30,2018-09-30
42dea2f2a7d75772a498a2712c9660ec,山西省农业环境保护条例,2018-09-30,2018-09-30
0fd0d7632662bcb6e41350bde48c777c,山西省城乡规划条例,2018-09-30,2018-09-30
f4711d32ec6fefa4f1e4bb8204004bed,甘肃省公路路政管理条例,2018-09-21,2018-12-01
1127e544ec1212abe880ae14122ac6df,新疆维吾尔自治区煤炭石油天然气开发环境保护条例,2018-09-21,2018-09-21
a4899b6a4829fd461bd883cacb9eed02,宁夏回族自治区民族教育条例,2018-09-14,2018-09-14
4a7a4044e82fd0091ea7fc42d9feb980,黑龙江省各级人民代表大会常务委员会规范性文件备案审查条例,2018-08-24,2018-12-01
09a14c604abe5e759d6a6cd45a3be589,江西省实施《中华人民共和国会计法》办法,2018-07-27,2018-07-27
10ca8c32f8bf19ebb13fb1cf06ab591e,江苏省授予荣誉居民称号条例,2018-07-27,2018-09-01
d4176b85fc60774f8ecb4491efe783e7,新疆维吾尔自治区农村扶贫开发条例,2018-07-27,2018-08-01
5f97bf8f768c710518f361ec2d978627,黑龙江省促进中小企业发展条例,2018-06-28,2018-06-28
5f43134183429108d45f1d11e3d935ac,黑龙江省农业综合开发管理条例,2018-06-28,2018-06-28
6b3a4f5759af7f1022e1a65ac29e8e0b,黑龙江省人工增雨防雹管理条例,2018-06-28,2018-06-28
ec005a0c4f53f23a69cfc92b1024a458,黑龙江省土地监察条例,2018-06-28,2018-06-28
74cef4dfe28a36b881fd114ab2338544,黑龙江省土地管理条例,2018-06-28,2018-06-28
2334f34d7dc1d4762e2af79ab0877372,黑龙江省旅游条例,2018-06-28,2018-06-28
e84c0ac8c89d3cc5aef51793a91b7bf3,黑龙江省野生动物保护条例,2018-06-28,2018-06-28
abb4f4d90d2d94394410cfe25b6dddbe,黑龙江省农业机械管理条例,2018-06-28,2018-06-28
fe3408a8b835a8e70c41e03af0a7bc12,黑龙江省罚没和扣押财物管理条例,2018-06-28,2018-06-28
a435845165a6bfc340c56f8dd0788249,黑龙江省建筑市场管理条例,2018-06-28,2018-06-28
9ca6a1ff3582909ddf98b8fa16c39c46,江西省爱国卫生工作条例,2018-05-31,2018-05-31
8ed7c809251e475d39d8e37ba6416b10,江西武夷山国家级自然保护区条例,2018-05-31,2018-05-31
b16b89de2b365d776d5d22bcea1d2ace,黑龙江省石油天然气勘探开发环境保护条例,2018-04-26,2018-04-26
10f45874e9bd887c526082dfa5412140,黑龙江省边境管理条例,2018-04-26,2018-04-26
3675e7f1e9259b619e615c5c6beddf90,黑龙江省促进中小企业发展条例,2018-04-26,2018-04-26
ee6c54ea5c34e117aa20ceceeed7b396,黑龙江省松花江流域水污染防治条例,2018-04-26,2018-04-26
f889190c726cc28980615ab0ab826a0a,黑龙江省旅游条例,2018-04-26,2018-04-26
67d80ed612b94218a46b1b04b3bd9e21,黑龙江省农业机械管理条例,2018-04-26,2018-04-26
8707e65aa21a4df8fbd58b05a15ef882,黑龙江省环境保护条例,2018-04-26,2018-04-26
63f2725369e9fea38ee5a715381f349a,黑龙江省技术市场管理条例,2018-04-26,2018-04-26
a887452e463102e8864037d89bcda40f,黑龙江省野生动物保护条例,2018-04-26,2018-04-26
c759b82b9454d3e580955d8b2801488c,海南省城乡规划条例,2018-04-03,2018-04-03
0d99a31ad4bfe69a9544449026d9eaa3,安徽省湿地保护条例,2018-04-02,2018-04-02
055c97c7972d5dc356b0973356c7668a,青海省实施《中华人民共和国森林法》办法,2018-03-30,2018-03-30
399cc2bd82b5e4d48f5b4edf10496dbc,北京市实施《中华人民共和国野生动物保护法》办法,2018-03-30,2018-03-30
2c9e915d45215ecca5f9af5bf7ffe03d,北京市实施《中华人民共和国种子法》办法,2018-03-30,2018-03-30
02e7f649d285e42ff56b77d5877ad8af,江苏省机动车排气污染防治条例,2018-03-28,2018-05-01
ff095bc66e01eb02dfcf1244771c251e,江苏省工程建设管理条例,2018-03-28,2018-05-01
acd3b81ad862dabc32f8604e25ff8103,辽宁省禁止选择胎儿性别终止妊娠规定,2018-03-27,2018-03-27
64eac4e54085f731f661ee677cc3d066,辽宁省实施《中华人民共和国土地管理法》办法,2018-03-27,2018-03-27
8b6d31488d2e5a72f9683b532067bad8,山东省实施《中华人民共和国固体废物污染环境防治法》办法,2018-01-23,2018-01-23
e3275d0f9097ed76753c763ebd4b112e,海南省人民代表大会常务委员会任免海南省监察委员会副主任、委员暂行办法,2018-01-21,2018-01-21
82dede001b227e746271be52445a45d7,新疆维吾尔自治区实施《中华人民共和国渔业法》办法,2018-09-21,2018-09-21
9345971393aa3d2a74de88be4b5d5f69,新疆维吾尔自治区义务植树条例,2018-09-21,2018-09-21
df3dd7fd49f5e215150823cee755fc8e,新疆维吾尔自治区野生植物保护条例,2018-09-21,2018-09-21
900647d78b2e6721602aeaecfce0002c,新疆维吾尔自治区自然保护区管理条例,2018-09-21,2018-09-21
54dc612df00bb758df1380aa9faac599,新疆维吾尔自治区实施宪法宣誓制度办法,2018-09-21,2018-10-01
acf4c0d6c942671f1ade47ff55c6fd0d,山东省村务公开条例,2018-09-21,2018-09-21
6a7cc3bda31b1246c7a1e482123e7fc7,山东省信息化促进条例,2018-09-21,2018-09-21
f686eddb7f69b2f59e335a565bf99650,山东省城乡规划条例,2018-09-21,2018-09-21
c38f3493ff045957009d1d6edf64b55b,山东省学生体质健康促进条例,2018-09-21,2018-11-01
0a2b037a30839708df7b94c287ef6154,山东省农村公路条例,2018-09-21,2018-12-01
8857defef5f08d5c0d82b7ef319e36ec,吉林省测绘地理信息条例,2018-09-21,2019-01-01
762ee364ad83204388b6b6908b08b9f4,云南省生物多样性保护条例,2018-09-21,2019-01-01
a37651f083b243a7df8587b8d7f85e39,河北省老年人权益保障条例,2018-09-20,2018-12-01
06ca9d6a157f6a57e004b7c267afaa95,河北省地下水管理条例,2018-09-20,2018-11-01
06823938f39cf3a980f796dacbacd6f9,青海省矿产资源管理条例,2018-09-18,2018-09-18
01547fa506a3929d0f1fa99b06000242,青海省人大及其常委会依法开展质询工作的实施意见,2018-09-18,2018-09-18
6aa3493e23c6d2cfccd524ef712894f1,宁夏回族自治区人民代表大会常务委员会关于《宁夏空间发展战略规划》的决议,2018-09-14,2018-09-14
358311750b9cc9608846629a83db993b,宁夏回族自治区促进科技成果转化条例,2018-09-14,2018-11-01
4659ff7130d1da0251d97aa21dfeb843,黑龙江省国家工作人员宪法宣誓办法,2018-08-24,2018-09-01
ab57b6d76b393bf6440dfe68cfb739f4,山西省人民代表大会常务委员会组成人员守则,2018-08-03,2018-08-03
7d58cdc3d16a3822e8c3560b22e7e340,西藏自治区司法鉴定管理条例,2018-08-01,2018-10-01
3e55389b1206799e5aa6287099d6311b,安徽省公路安全保护条例,2018-07-30,2019-05-01
26e3435396baae8ba6f54c63813338cc,安徽省公证条例,2018-07-30,2018-09-01
fdc9aece2b5ff93dd052d4e145025eb7,河南省老年人权益保障条例,2018-07-30,2019-01-01
6f51850f98cb8a3438b711ef5d6d64b9,甘肃省林木种苗管理条例,2018-07-28,2018-09-01
c5e882b64b4c282bc5145b7c6ce3622c,甘肃省林业有害生物防治条例,2018-07-28,2018-09-01
5387194b5db845d4fad82073c50669c9,甘肃省风景名胜区条例,2018-07-28,2018-09-01
49a1dff5631a139d2e7a32664bc03431,浙江省志愿服务条例,2018-07-27,2018-09-01
0bf9bc2830f5f72f0fed3562c873441c,河北省实施《中华人民共和国红十字会法》办法,2018-07-27,2018-09-01
2a7d154fd135db1a68b4a691489d8961,河北省工会劳动法律监督条例,2018-07-27,2018-12-01
cb66d884f94d3a0f1b8e620017263b7f,河北省促进企业技术创新条例,2018-07-27,2018-09-01
df28b94e5132ba1e6a6b2a1b38b1021e,江西省法制宣传教育工作条例,2018-07-27,2018-07-27
f885e1f81b495fecda1af58a3c117604,江西省实施《中华人民共和国防洪法》办法,2018-07-27,2018-07-27
8233333fd5605650781e8e58b80d3687,江西省渡口管理条例,2018-07-27,2018-07-27
9d225411dd0ef95b9eb5a565ab314504,江西省档案管理条例,2018-07-27,2018-07-27
23d25e4ca64b5b5bc840503b75b837a4,广西壮族自治区促进科技成果转化条例,2018-07-27,2018-10-01
1c63387b54e20c204ca0abe515814cfe,广东省国防教育条例,2018-07-27,2018-09-01
c9b49e47dd314a283f029d0b3069c445,吉林省技术市场条例,2018-07-27,2018-09-01
a8a98bf2ea8f574b73ff964f14aafc47,吉林省统计管理条例,2018-07-27,2018-12-01
95579ae15122b0bf689ab12f54c0e448,上海市实施宪法宣誓制度办法,2018-07-27,2018-07-27
0666d387370430215473b842a1f8f42d,上海市单用途预付消费卡管理规定,2018-07-27,2019-01-01
c1f7da4cc2183987aa77614de1444e4f,福建省台湾船舶停泊点管理办法,2018-07-27,2018-07-27
3c02ac47410a74102e37ce7a33fd6c6f,重庆市历史文化名城名镇名村保护条例,2018-07-26,2018-09-01
69890ae99ea5670416704ceb7f3fb016,重庆市水文条例,2018-07-26,2018-07-26
d3f296156fb4f5d5df5855ff788dc141,重庆市城市房地产开发经营管理条例,2018-07-26,2018-07-26
bb98f1c92bb864642b5c4c9689e6a1eb,重庆市计量监督管理条例,2018-07-26,2018-07-26
d8887c60222bd48a222dcf09766d4651,重庆市防汛抗旱条例,2018-07-26,2018-07-26
d5d70491193ce69b48ab593f317d3a21,重庆市实施《中华人民共和国母婴保健法》办法,2018-07-26,2018-07-26
59c50c005874e67f22404502b07369aa,重庆市实施《中华人民共和国水土保持法》办法,2018-07-26,2018-07-26
2e79b09c8e6d75a4fce55638ee3c95ea,重庆市森林防火条例,2018-07-26,2018-07-26
931c7ba798d06c7e575f97d62aea9e54,重庆市林地保护管理条例,2018-07-26,2018-07-26
6ad71e37946bb669d4d1abef745790fd,重庆市气象条例,2018-07-26,2018-07-26
2d8951933cca1611b8b14e58b5ce8a0b,重庆市招标投标条例,2018-07-26,2018-07-26
babd6730b280da602f3c2fbeaa46a3e9,重庆市电信条例,2018-07-26,2018-07-26
619ccc593b349440b24ecabc64a07e47,重庆市市容环境卫生管理条例,2018-07-26,2018-07-26
3a8f66942f41eaade9be577b2bd677bc,湖北省国家工作人员宪法宣誓组织办法,2018-07-26,2018-08-01
65907e32808ce27e26d896819218339d,广东省实施《中华人民共和国残疾人保障法》办法,2018-07-26,2018-09-01
97004f0004b4706dc0f65be01ed00266,内蒙古自治区实施《中华人民共和国节约能源法》办法,2018-07-26,2018-07-26
ba003a57b5bf83a8bd20d99e6c761536,内蒙古自治区农牧业机械化促进条例,2018-07-26,2018-07-26
9adf5c1a11f381c738625f9127ea02e1,云南省公路路政条例,2018-07-26,2018-10-01
de34933ded40bd231d83a09b6537af07,四川省劳动和社会保障监察条例,2018-07-26,2018-07-26
3efae01a3d08d52e43a92f3eab21ed61,四川省《中华人民共和国文物保护法》实施办法,2018-07-26,2018-07-26
16bd4da66bb8b17e6e6e26b140b1854a,四川省《中华人民共和国母婴保健法》实施办法,2018-07-26,2018-07-26
da31b19f3e23d066ffa44d2fd89b253a,四川省城市园林绿化条例,2018-07-26,2018-07-26
2d49c121ed1e2380f4e27f78c1df1b93,四川省老年人权益保障条例,2018-07-26,2018-10-01
31ff80818a2a16fc728b392c33abca33,四川省教育督导条例,2018-07-26,2018-11-01
347c4df873e1e5f24260472b21743b1c,辽宁省气象灾害防御条例,2018-07-25,2018-10-01
c50160ecd7e13d786e968e3717bcebc7,中国自由贸易试验区条例,2018-07-25,2018-10-01
753212a2ec9ac48935de220adb92e0a0,湖南省实施《中华人民共和国防震减灾法》办法,2018-07-19,2018-07-19
e5834d15cca5fd44041cbc8fc07198ff,黑龙江省城乡规划条例,2018-06-28,2018-06-28
1516553c7738856ef15239eed7f2960d,黑龙江省农村可再生能源开发利用条例,2018-06-28,2018-06-28
a8e2974850f45a3e37bd22e28953c79d,黑龙江省实施《中华人民共和国防洪法》条例,2018-06-28,2018-06-28
bac85fe9ee4ce61265d31e836effbc9d,黑龙江省建设工程勘察设计条例,2018-06-28,2018-06-28
dc693f212112799cdd3364f9e18d0b87,黑龙江省电力设施建设与保护条例,2018-06-28,2018-06-28
da63f36feb3b8835aeebae6b402af08e,黑龙江省防震减灾条例,2018-06-28,2018-06-28
02a11d8f93853f2a26126e2c7893cd25,黑龙江省水利工程管理条例,2018-06-28,2018-06-28
ecd162f19c6bf3ce549688b3734507ff,黑龙江省节约能源条例,2018-06-28,2018-06-28
27c27c55ea64e5577d16178add0cdca1,黑龙江省劳动力市场管理条例,2018-06-28,2018-06-28
89b70ab0001bb70c556688e497782945,黑龙江省产品质量条例,2018-06-28,2018-06-28
3f4e1690d14cda9a9aa33149c903e6d3,黑龙江省石油天然气田治安保卫条例,2018-06-28,2018-06-28
589f82919bccd82da233248ef50f2cf5,黑龙江省反窃电条例,2018-06-28,2018-06-28
a074e26a290aee8be3ac68ef9901b42a,黑龙江省防沙治沙条例,2018-06-28,2018-06-28
2aea5f2688e59d2d52c3500a4b12ebe5,黑龙江省森林管理条例,2018-06-28,2018-06-28
c1b8d1dde9bf10d6e7f1cd84f78277a8,黑龙江省草原条例,2018-06-28,2018-06-28
00e46a3922f15620064d26e9a4e07bab,黑龙江省城市民族工作条例,2018-06-28,2018-06-28
4556f67c247a45f82ce3c9fb9c1f144f,黑龙江省实施《中华人民共和国气象法》办法,2018-06-28,2018-06-28
cfe1d7a6e8f5a2787721a4896915cdad,黑龙江省农村公路条例,2018-06-28,2018-06-28
400776572311f52faed60b60af7ce1ab,黑龙江省野生药材资源保护条例,2018-06-28,2018-06-28
8507770beac98a9d85686c9be58e4010,黑龙江省城镇燃气管理条例,2018-06-28,2018-06-28
72f613d691847e5936671838bbee34ce,黑龙江省学校安全条例,2018-06-28,2018-06-28
4e1f2c713db48e82085ee2678fbfe637,黑龙江挠力河国家级自然保护区管理条例,2018-06-28,2018-06-28
a75130940e2b2a7813d8de0da5d2a6ae,黑龙江省建设工程质量监督管理条例,2018-06-28,2018-06-28
aa1c429ab72bb7f0da3bbdc2218ea58b,黑龙江省职业教育条例,2018-06-28,2018-06-28
ac28d29cdfa97ff49df7fa41cea0376a,黑龙江省涉案物价格鉴证条例,2018-06-28,2018-06-28
a3dfed27be23814d33a87e860f7c69a6,黑龙江省农业环境保护管理条例,2018-06-28,2018-06-28
0324cd23d734d45bb0aa4a138b3a6c6d,黑龙江省促进散装水泥发展条例,2018-06-28,2018-06-28
a8d39cd22f386c081cb11e1301209949,黑龙江省湿地保护条例,2018-06-28,2018-06-28
8bd88802bd2b4975de83a44fa940e968,黑龙江省气象灾害防御条例,2018-06-28,2018-06-28
c537e868630b652ab04126e9d40449d9,黑龙江省森林防火条例,2018-06-28,2018-06-28
9e0a1a4a890afaf8210bee1eac85e43e,黑龙江省城市清除冰雪条例,2018-06-28,2018-06-28
72cf6d05febb2fec84f473b8357a9ee1,黑龙江省农田水利条例,2018-06-28,2018-06-28
07198f680b302dd1bc8380da40ff4cbe,黑龙江省测绘管理条例,2018-06-28,2018-06-28
d2a183b857a10e4420bfccce9fe806b9,黑龙江省城市市容和环境卫生管理条例,2018-06-28,2018-06-28
722e1eea61e3af58932054d99f18ef66,黑龙江省农民专业合作社条例,2018-06-28,2018-06-28
b4e80ceecd87d53fd8e518d82c680032,黑龙江省森林公园管理条例,2018-06-28,2018-06-28
5329172d2f681d2f52f7e6df481d1425,黑龙江省劳动保障监察条例,2018-06-28,2018-06-28
fc7cf9c66c010a9cf31092ac24e24690,黑龙江省母婴保健条例,2018-06-28,2018-06-28
163b773e177d1e0e90a77679681edb9f,黑龙江省奶业条例,2018-06-28,2018-06-28
a48ffae1317e0f2c4dbe4223c2f27198,黑龙江省河道管理条例,2018-06-28,2018-06-28
8a551343ae372a13c9e9b5ce28d9b8b6,黑龙江省法治宣传教育条例,2018-06-28,2018-09-01
ffac959b5482620e9881be0336188f01,河南省国家工作人员宪法宣誓办法,2018-06-04,2018-07-01
7cb2405a0c9399b944e178b589285c61,河南省人民代表大会常务委员会组成人员守则,2018-06-04,2018-06-04
8b73a872a50a442d38a28aae7db0fd07,河南省气候资源保护与开发利用条例,2018-06-04,2018-10-01
fa2dc858fef524e649ac37b2e5044013,陕西省水工程管理条例,2018-05-31,2018-05-31
dabe467b22c637b19ecdb74230d0dea3,陕西省果业条例,2018-05-31,2018-05-31
a18c35ed5d68fb403d7bce7c1c3ca540,陕西省野生植物保护条例,2018-05-31,2018-05-31
612e597865b1f5e71caaa4ba0910a261,辽宁省国家工作人员宪法宣誓组织办法,2018-05-31,2018-05-31
fea6833771d1112740a38077bb6ff501,湖南省人民代表大会常务委员会关于深入学习宣传和贯彻实施《中华人民共和国宪法》的决议,2018-05-31,2018-05-31
c8d6aca76bed16b0913122d8c1c44a03,湖北省广播电视条例,2018-05-31,2018-08-01
b6638a74435d592619250605f82f7d83,湖北省气候资源保护和利用条例,2018-05-31,2018-08-01
01319a116c349240dce4cf5238ca8ee9,河北省实施宪法宣誓制度办法,2018-05-31,2018-05-31
7c1f9ee8292fc084d1f14b679d96fa29,河北省实施《中华人民共和国水土保持法》办法,2018-05-31,2018-05-31
3b7fab5fa200aa0cffa25efa26230658,河北省计量监督管理条例,2018-05-31,2018-05-31
e00abdf3e37f123db2cff8c79324eefa,河北省陆生野生动物保护条例,2018-05-31,2018-05-31
378cce0933d2f549f2d9ce929f8f5d03,河北省母婴保健条例,2018-05-31,2018-05-31
f369204c144bd7fc55d4a3ff94aff536,河北省实施《中华人民共和国招标投标法》办法,2018-05-31,2018-05-31
5f791d90aaf6a9f292a70b5d34524bd5,河北省水污染防治条例,2018-05-31,2018-09-01
7f46138af72216c4c8dde6f397b9c931,河北省人民代表大会常务委员会组成人员守则,2018-05-31,2018-05-31
1a9fff878d5193b7e08762b6180e0445,河北省人民代表大会常务委员会议事规则,2018-05-31,2018-05-31
a455175716eb3f7cea2fcd9e8194df00,江西省实施《中华人民共和国招标投标法》办法,2018-05-31,2018-05-31
ca51df94a580a8f386fef24551a85268,江西省农业生态环境保护条例,2018-05-31,2018-05-31
3af0ae9d936fb030cca24bffcb8f9625,江西省审计条例,2018-05-31,2018-05-31
288176920f16bbd1d072d27884a41ad6,江苏省农村集体资产管理条例,2018-05-31,2018-10-01
833fafc47b439d91e1cdca9c2831ac9c,广西壮族自治区少数民族语言文字工作条例,2018-05-31,2018-08-01
41b9b6945c2e546b0889c42610251424,广东省职业教育条例,2018-05-31,2018-09-01
554a6526988b538ab9bb851f65fdbc31,广东省地方志工作条例,2018-05-31,2018-07-01
a7a86d34ea7eed370262292c4f54f180,广东省实施宪法宣誓制度办法,2018-05-31,2018-06-01
9b03c769c4d3d1bad8a1aba277e618fb,山西省家庭教育促进条例,2018-05-31,2018-09-01
acd835cb7f3f3adcd2f83e7b4a1f90c6,北京市查处非法客运若干规定,2018-05-31,2018-07-01
3f9d20b87778c12ba7d7b3141a3b1595,四川省《中华人民共和国全国人民代表大会和地方各级人民代表大会代表法》实施办法,2018-05-31,2018-05-31
757b17b8575a3a5743348ecb879de086,四川省农作物种子管理条例,2018-05-31,2018-07-01
b12d6260ffc1aa55a37603e896b62a1c,四川省航道条例,2018-05-31,2018-08-01
050d2977b85b33167474ec30859ed6fe,福建省无线电管理条例,2018-05-31,2018-05-31
6c243715e7053580340c0083daa87e29,浙江省人民代表大会常务委员会组成人员守则,2018-05-31,2018-05-31
bbf222bbee0a8ff9768a8cc707fe762c,福建省国家工作人员宪法宣誓办法,2018-05-31,2018-05-31
9226f86d9a4eb265a1afecb6e7b12594,云南省实行宪法宣誓制度组织办法,2018-05-30,2018-05-30
4aff147c5da2b9be20e8dac8b78c800f,云南省昭通大山包黑颈鹤国家级自然保护区条例,2018-05-30,2018-05-30
ced4e117164953d94882e8d76d141caf,重庆市燃放烟花爆竹管理条例,2018-12-29,2019-02-01
86a5705a03148ff0473c889a7744eb6d,黑龙江省大气污染防治条例,2018-12-27,2018-12-27
be92b22410655399183d9ab84a439b58,黑龙江省实施《中华人民共和国种子法》条例,2018-12-27,2019-02-01
65d25b83b4c4734e202cca87c089f076,北京市小规模食品生产经营管理规定,2018-12-27,2019-07-01
d7c110159439f6be9ba6cdbb2e5ad990,海南省大气污染防治条例,2018-12-26,2019-03-01
05eb4c0410b010d7018d1f99bf62b85d,安徽省实施《中华人民共和国慈善法》办法,2018-12-24,2019-02-01
a3e4344afaf7e595e1951149168029cf,西藏自治区大气污染防治条例,2018-12-24,2019-03-01
1c861d58753ddd9159c05878e0268d4f,上海市实施《中华人民共和国防震减灾法》办法,2018-12-20,2019-01-01
cb0db2e78cc9466e26ee2e0b60a3b3ad,上海市城乡规划条例,2018-12-20,2019-01-01
74f09da22b015fc01f0210fafbe6b480,上海市民防条例,2018-12-20,2019-01-01
a8471c7992eca9ec25d9ea8a840bc44b,上海市绿化条例,2018-12-20,2019-01-01
7034ba0f46f9dff8eec8a29d37d8b652,上海市水产养殖保护规定,2018-12-20,2019-01-01
1edb6397ffeaf6abd6789da916a4daf9,上海市大气污染防治条例,2018-12-20,2019-01-01
1d29093767aa1453b381bb7d099b9e5a,贵州省夜郎湖水资源环境保护条例,2018-12-18,2018-12-18
b176a64e6e40c14a04b970b5cb8ea41f,贵州省气象灾害防御条例,2018-12-18,2018-12-18
d15ee6d7717c3bc8dc3822186f9439c4,贵州省地质环境管理条例,2018-12-18,2018-12-18
57f9abf48c43f33f5bad79abb74c3974,贵州省渔业条例,2018-12-18,2018-12-18
7c601d41a5f8a7e95f48f7c5f3d9217d,贵州省新型墙体材料促进条例,2018-12-18,2018-12-18
5677054ea2319163d4a8b4f094b71f28,贵州省民用建筑节能条例,2018-12-18,2018-12-18
de2f933c6d3f987d594af3c06603d2b5,贵州省水污染防治条例,2018-12-18,2018-12-18
cac6ffedc8600932f2af69f6fbb39e2a,天津市档案管理条例,2018-12-14,2018-12-14
9d53be5b58fbb7489e79acecba2aee0d,天津市渔业管理条例,2018-12-14,2018-12-14
e7f3c28abca617b7e1f5fe24eaa323d3,天津市矿产资源管理条例,2018-12-14,2018-12-14
b9fe48419830016e48d4e0f8db3bb99b,天津市建设工程施工安全管理条例,2018-12-14,2018-12-14
a97988be42733eb43fc3865afb417cfd,天津市市容和环境卫生管理条例,2018-12-14,2018-12-14
1b5bac55d775ac8d2a07c24ed86db726,天津市供热用热条例,2018-12-14,2018-12-14
1cdcf1fdf23068cf46d1eb2b50f36653,天津市农药管理条例,2018-12-14,2018-12-14
75b9506b4f6542d86ef370178d115434,天津市地下空间规划管理条例,2018-12-14,2018-12-14
3692c81d74f968a1bff9da38256b8190,天津市计量管理条例,2018-12-14,2018-12-14
d5f353f638ca7eaee407225bfadf6d6b,天津市殡葬管理条例,2018-12-14,2018-12-14
b768ce4e3739003686d4b29923090b7b,天津市爱国卫生工作条例,2018-12-14,2018-12-14
9cd5485fac3c37c55c426ec4eaad1e84,天津市实施《中华人民共和国人民防空法》办法,2018-12-14,2018-12-14
6082a9921d89ebf285146df3455d5198,天津市建筑市场管理条例,2018-12-14,2018-12-14
0813bce9d73f2a9383a76438363580a3,天津市就业促进条例,2018-12-14,2018-12-14
721e2c9caaf54166f60e1a01f78ece4a,天津市植物保护条例,2018-12-14,2018-12-14
c895492fb6bb1432b4b8549eaa52201e,天津市实施《中华人民共和国水土保持法》办法,2018-12-14,2018-12-14
dccb3979aca74f978dd5447046c90831,天津市安全技术防范管理条例,2018-12-14,2018-12-14
d094d02ad0298c4e4330b29bd2e13284,天津市客运出租汽车管理条例,2018-12-14,2018-12-14
972ade97f1e77439579d075a5169564e,天津市历史风貌建筑保护条例,2018-12-14,2018-12-14
87e537512a607955da7e0cd1da3a8174,天津市地名管理条例,2018-12-14,2019-03-01
cbe8c4542315e8337045beac7663458f,天津市非物质文化遗产保护条例,2018-12-14,2019-01-01
413bbe02ae77c79b4f317965a393405e,天津市促进大数据发展应用条例,2018-12-14,2019-01-01
b58960ab4ad1b2d4145f95576ca1166f,四川省禁毒条例,2018-12-07,2019-01-01
795dd327d999c2074882429107e8d858,四川省《中华人民共和国大气污染防治法》实施办法,2018-12-07,2019-01-01
950ebff914324bc73e9f8b862403c3a1,成都国家自主创新示范区条例,2018-12-07,2019-01-01
c2faa11a09fa79b595649528922dba88,内蒙古自治区人民代表大会常务委员会关于深入学习宣传和贯彻实施《中华人民共和国宪法》的决议,2018-12-06,2018-12-06
46d88dfb64724b59def06eebbd1dfd4b,内蒙古自治区湿地保护条例,2018-12-06,2018-12-06
3db17c5f10e5a4d6b5a051146b3a4e84,内蒙古自治区珍稀林木保护条例,2018-12-06,2018-12-06
7e42724859556faefeb02b984d4fc46c,内蒙古自治区实施《中华人民共和国环境影响评价法》办法,2018-12-06,2018-12-06
9b54f0ff7acff31a2b8cf1f1d4d1fb76,内蒙古自治区促进科技成果转化条例,2018-12-06,2019-03-01
2df341abe32a71cd955668ae0cb9e90e,内蒙古自治区大气污染防治条例,2018-12-06,2019-03-01
879a64b7c3db7355b19187cbe16f3eb7,内蒙古自治区预算审查监督条例,2018-12-06,2019-01-01
abd7adb9f7f1ff67bd05da81dd9f477d,重庆市植物检疫条例,2018-12-03,2019-01-01
9420d935616aa57129c9f6e6e0776f25,重庆市全民健身条例,2018-12-03,2019-01-01
87dda251b444315af17fae94060f8ac0,西藏自治区实施《中华人民共和国促进科技成果转化法》办法,2018-12-03,2019-03-01
a0f712f417606713eeab9ac984728b3a,重庆市民用航空条例,2018-11-30,2019-01-01
c8e155c1249ce4b73adf2e5fe7638ce1,湖南省地质环境保护条例,2018-11-30,2019-01-01
330a8743eec50e31b78abce875c65233,湖南省森林防火若干规定,2018-11-30,2019-01-01
3a018a8b2ecbd5d5d1cb312a6a05aa86,浙江省土地整治条例,2018-11-30,2018-11-30
e0537b1fc2163fb99836f20889e5e4cb,浙江省基本农田保护条例,2018-11-30,2018-11-30
ec302cdcc174234ce660c3e0a96e8d5d,浙江省森林管理条例,2018-11-30,2018-11-30
e93b1c686de97cce3f9abeffbd64a928,浙江省粮食安全保障条例,2018-11-30,2019-01-01
c56aa030da7d32a84b99c4ddaf278530,浙江省保障“最多跑一次”改革规定,2018-11-30,2019-01-01
2a19b82c3b864b82e2385cfce1dfb6d9,河南省志愿服务条例,2018-11-30,2019-03-01
3499d78afb6b7b944704df8c93ca4acb,新疆维吾尔自治区邮政条例,2018-11-30,2019-01-01
04a81a7b76ef0ec09cea886993c8ccb0,新疆维吾尔自治区大气污染防治条例,2018-11-30,2019-01-01
3b93ceb6fd4c9d222889c9bad4e41f95,新疆维吾尔自治区食品小作坊、小餐饮店、小食杂店和食品摊贩管理条例,2018-11-30,2019-06-01
5c569abcca7b66424768461f8402b24f,新疆维吾尔自治区人民代表大会代表议案处理办法,2018-11-30,2019-01-01
1368f8042206570a8f23fe64d48941cc,山西省实施《中华人民共和国村民委员会组织法》办法,2018-11-30,2019-01-01
f7538006bee12d199699f34b67d2a5bb,山西省农作物种子条例,2018-11-30,2019-03-01
bd8a815853a1a9e426f009eb08d4e895,山西省大气污染防治条例,2018-11-30,2019-01-01
afc2836e51b4faaed09ed579d37f28f3,山东省大气污染防治条例,2018-11-30,2018-11-30
20441012cf70e78174e850aebb99463b,山东省地质环境保护条例,2018-11-30,2018-11-30
a10b32de422d34a2a5d118f9ba6854eb,山东省实施《中华人民共和国环境影响评价法》办法,2018-11-30,2018-11-30
b12a9272d8e7f59be2b1fad8c679bd5d,山东省海洋环境保护条例,2018-11-30,2018-11-30
bfd273bfce160364cbddbf07319e6607,山东省台湾同胞投资保护条例,2018-11-30,2019-01-01
9fe25da47acddfb79727cc85447a319a,山东省学校安全条例,2018-11-30,2019-01-01
3fcbae66651ed4542f3defe72c3d5daf,山东省军事设施保护条例,2018-11-30,2019-01-01
96aa46ae4476a3f6762c606fc70d6f8e,山东省石油天然气管道保护条例,2018-11-30,2019-03-01
7783ac34f6a1e6efc79779483291747f,山东省环境保护条例,2018-11-30,2019-01-01
fe3d5dfd98a6a90b3364a22b466699df,山东省反家庭暴力条例,2018-11-30,2019-01-01
70b7f8e93fca2def3ae285203f774ee9,吉林省实施《中华人民共和国人民防空法》办法,2018-11-30,2018-11-30
fd4f790a2c42c66edce42a2607af3fd1,吉林省收费罚款没收财物管理条例,2018-11-30,2018-11-30
ccc6cc6ef7bc549819a142ad808184e7,吉林向海国家级自然保护区管理条例,2018-11-30,2018-11-30
32818ab512b926342e8522ea3e13b786,吉林省全民健身条例,2018-11-30,2018-11-30
af34f6e811850e032b1d8b1fc52b4431,吉林省档案条例,2018-11-30,2018-11-30
14e4933fd61a467d8feaf09482308c7f,吉林省松花江流域水污染防治条例,2018-11-30,2018-11-30
dbda09ce6c15a62b66aadd8feb7249b5,吉林省燃气管理条例,2018-11-30,2018-11-30
9bb21aa04e999dfe73b82d0fb929beae,黑龙江省绿色食品管理条例,2018-06-28,2018-06-28
5d8132b9ea8caaa35fcc648ca47f2a81,河南省治理货物运输车辆超限超载条例,2018-06-04,2018-09-01
71285d3eb5e54ed6d975684a0f0051b3,山东省人民代表大会常务委员会议事规则,2018-06-01,2018-06-01
d599173fcd3edabf503053cb9111a0d8,青海省人民代表大会常务委员会任免国家机关工作人员办法,2018-05-31,2018-05-31
8c9f75b6c2bd44f96fc4268406c33dd3,陕西省渭河流域管理条例,2018-05-31,2018-05-31
0a2fbc272b5ac8c321ac8d2934f998f4,陕西省放射性污染防治条例,2018-05-31,2018-05-31
55693230acfc2ba28e831cd0cf8dd8b0,陕西省实施《中华人民共和国防洪法》办法,2018-05-31,2018-05-31
9bec3d427fd09ce44acb1747ebb970cf,陕西省河道管理条例,2018-05-31,2018-05-31
a8da055768b0ba298652e0c7e48675d0,陕西省实施《中华人民共和国环境影响评价法》办法,2018-05-31,2018-05-31
a64d9d08f9d1cb4ec15758a4fbf90d9e,陕西省森林公园条例,2018-05-31,2018-05-31
3be518e12e21c1177069cf99cda722c4,陕西省水土保持条例,2018-05-31,2018-05-31
d9340252a1d7c043d846c7cb8adab6e2,湖南省地方立法条例,2018-05-31,2018-05-31
bbf4357bcb6e1d71c1d05a739e522cb2,浙江省人民代表大会常务委员会任免国家机关工作人员条例,2018-05-31,2018-05-31
fa05cb92b0d7ece8fb4e44916fd833b7,河北省实施《中华人民共和国森林法》办法,2018-05-31,2018-05-31
cb961d83aa9558cdb3c831d09ff4e64b,河北省实施《中华人民共和国气象法》办法,2018-05-31,2018-05-31
951014b7fe712ecb99f0a20c91b33c99,江西省森林公园条例,2018-05-31,2018-05-31
0c253ec8bb744a2e3cf7961736e2a12e,江西省采石取土管理办法,2018-05-31,2018-05-31
6590d735cc42774f464d7ec2d101719c,江西省科技创新促进条例,2018-05-31,2018-05-31
a136d38b5698658e8827688cfbca1c5f,江西省河道采砂管理条例,2018-05-31,2018-05-31
6074d7ce7bc0e9198eb4b80273537ffa,江西省人口与计划生育条例,2018-05-31,2018-05-31
f0130a7d6e78ef28df5d4e502bc7ed47,江西省实施《中华人民共和国水土保持法》办法,2018-05-31,2018-05-31
738a8e3c4c46041267ab3c1e38a08798,江西省物业管理条例,2018-05-31,2018-05-31
0e3f9ecafce8c898512e93b9a1ba3f4e,江西省水产种苗管理条例,2018-05-31,2018-05-31
377478a475237cb9d33e0d17c74ad9b3,江西省促进科技成果转化条例,2018-05-31,2018-05-31
c41b86c3a213365b577e780774e0b5b6,江西省实施《中华人民共和国节约能源法》办法,2018-05-31,2018-05-31
936f19ab80e4abd13d8caea7ff164693,江西省实施《中华人民共和国母婴保健法》办法,2018-05-31,2018-05-31
88bbb05bf8c0c18a9a9f20f9ea157df6,江西省技术市场管理条例,2018-05-31,2018-05-31
288c2bacb3d8f69811d5e1e09eb55345,广西壮族自治区实施宪法宣誓制度办法,2018-05-31,2018-05-31
95df056d076ce5fb03b4051ff8ace531,广东省人口与计划生育条例,2018-05-31,2018-05-31
3f548465680fe135240f46c446f96be5,内蒙古自治区人民代表大会代表建议、批评和意见办理办法,2018-05-31,2018-05-31
86842630dc7415fda27e78cfd4d0a462,陕西省实施《中华人民共和国水法》办法,2018-05-31,2018-05-31
f4bc0df5a6436e38b51c70329cfcae9f,内蒙古自治区物业管理条例,2018-05-31,2018-08-01
bb52279f8870f202878fed6fe8dceca2,青海省实行国家工作人员宪法宣誓制度办法,2018-05-31,2018-05-31
91ff069feb08632358997a7467a4555a,海南省湿地保护条例,2018-05-29,2018-07-01
7681d7742a5c3190c8c0a1054bf44123,宁夏回族自治区实施《中华人民共和国节约能源法》办法,2018-05-29,2018-05-29
edbd4b9232d90f996b2c7faf13ddb702,宁夏回族自治区污染物排放管理条例,2018-05-29,2018-05-29
05a77eabafaf1d99158fadf505cf0868,天津市物业管理条例,2018-05-28,2018-05-28
ad8c535a76541f8c01a9e9525381a091,上海市促进中小企业发展条例,2018-05-24,2018-06-01
5a769fd228465c9965785abecdade5bf,上海市城市管理行政执法条例,2018-05-24,2018-06-01
b38364833bfe96ba39c7bafebce0a8a7,上海市安全生产条例,2018-05-24,2018-06-01
546f94b24603815de8fadec4fe379c88,上海市街道办事处条例,2018-05-24,2018-06-01
36dcc2950fcd6014dcbf5f08304d0e66,上海市城乡规划条例,2018-05-24,2018-06-01
747e571dcbd06b57070e9b393c92ad80,上海市地下空间规划建设条例,2018-05-24,2018-06-01
006df6bf4dc1ad6bb46ae392c3953b83,新疆维吾尔自治区人民代表大会常务委员会议事规则,2018-05-20,2018-05-20
cd6bc94bf967e83084441eea35040884,黑龙江省森林防火条例,2018-04-26,2018-04-26
5c5b36deb016df168ce202ae33557a49,黑龙江省动物防疫条例,2018-04-26,2018-04-26
ef872b736d73d9f1fc066628f2a44070,黑龙江省畜禽屠宰管理条例,2018-04-26,2018-04-26
01f87d900fe24b819f900e27f25320b4,黑龙江省实施《中华人民共和国气象法》办法,2018-04-26,2018-04-26
c9c21caf6e9ff6747f2036d240e5e181,黑龙江省建设工程勘察设计条例,2018-04-26,2018-04-26
5a142418b2c79ae11ee36c36b13ea247,黑龙江省兴凯湖国家级自然保护区管理条例,2018-04-26,2018-04-26
3927f506b4353923e2d131b85709c2f7,黑龙江省电力设施建设与保护条例,2018-04-26,2018-04-26
06d378abb5f21dd2f5a35287c357eba4,黑龙江省城市市容和环境卫生管理条例,2018-04-26,2018-04-26
310e335099c8c53a07038c4c8e628c7f,黑龙江省实施《中华人民共和国防洪法》条例,2018-04-26,2018-04-26
43739630264067f49e0487c22a7070d4,黑龙江省农田水利条例,2018-04-26,2018-04-26
e8f4298c3ac6a7fa465ddab3d501dceb,黑龙江省劳动保障监察条例,2018-04-26,2018-04-26
871d6f59889d83655015a8f38a0b9983,黑龙江省公共场所和特种行业治安管理条例,2018-04-26,2018-04-26
eafb0d342a37b46216dcdae2585fb222,黑龙江省档案管理条例,2018-04-26,2018-04-26
1b55394c4da2f27b52b1865a633fb398,黑龙江省促进散装水泥发展条例,2018-04-26,2018-04-26
8be6b3da142f8541b95c5b43b8135641,黑龙江省涉案物价格鉴证条例,2018-04-26,2018-04-26
3b7f03f180b516276828cb766df83910,黑龙江省气象灾害防御条例,2018-04-26,2018-04-26
b6e742722b8c4414c11b366b4bd17b5f,黑龙江省劳动力市场管理条例,2018-04-26,2018-04-26
8a7544ed02cc5f626a917bcc1e4be08a,黑龙江省计量条例,2018-04-26,2018-04-26
ea4248614fbddfba78025d54020b8609,黑龙江省农村公路条例,2018-04-26,2018-04-26
6c398194b5a1e7550abb63a5a6fd25c4,黑龙江省野生药材资源保护条例,2018-04-26,2018-04-26
5adb2618e3ebe3b27420daa8525043ce,黑龙江省邮政条例,2018-04-26,2018-04-26
8df69f8e37207415853762a3b60e7480,黑龙江省绿色食品管理条例,2018-04-26,2018-04-26
2c7abe2643294b9acbac8b2fbcb0d705,黑龙江省农业环境保护管理条例,2018-04-26,2018-04-26
cb2da28303dd5a067de26cc3f4036404,黑龙江省河道管理条例,2018-04-26,2018-04-26
4bd233469ca253c4d4ac4659a352a5bd,黑龙江省安全生产条例,2018-04-26,2018-04-26
32a0c81ade3cd0e35d19d902b17dd29e,黑龙江省产品质量条例,2018-04-26,2018-04-26
7ee50cd26f189c1221ce99161de0c06f,黑龙江省母婴保健条例,2018-04-26,2018-04-26
903c491122add9491a9492aebba26814,黑龙江省道路运输条例,2018-04-26,2018-04-26
230ae2e21a33c6efe9cb7c22040ff348,黑龙江省草原条例,2018-04-26,2018-04-26
49c2c3b2bf664cb45c0c754a2a9a0856,黑龙江省节约能源条例,2018-04-26,2018-04-26
514ffe322a9c69c919472649ee393761,西藏自治区人民代表大会常务委员会议事规则,2018-04-10,2018-04-10
e4d813a5404961ffe0d3c0264a35adb1,西藏自治区实施《中华人民共和国集会游行示威法》办法,2018-04-10,2018-04-10
e52e4a40772582d2edbf0a9959b904e2,江西省湖泊保护条例,2018-04-02,2018-06-01
f345130ab81dbfb223ecdf300faf79eb,安徽省实施《中华人民共和国水法》办法,2018-04-02,2018-04-02
04443b339d08437e784390a540429b9c,安徽省实施《中华人民共和国水土保持法》办法,2018-04-02,2018-04-02
5a34234ed1748c3bcee0afb35e4eb5d0,安徽省抗旱条例,2018-04-02,2018-04-02
cd67f46362ceae2539f704751418c814,安徽省湖泊管理保护条例,2018-04-02,2018-04-02
86ff16a2ef880b7f8ef752f5cf679e2f,安徽省水工程管理和保护条例,2018-04-02,2018-04-02
1fc5752373e9f687c1a81cfad805668a,安徽省实施《中华人民共和国防洪法》办法,2018-04-02,2018-04-02
112465a83499f0cc2dd1167d0bde7f85,陕西省优化营商环境条例,2018-03-31,2018-05-01
b0081d3ef9116f8d28f007f213ef55fc,福建省人民代表大会常务委员会组成人员守则,2018-03-31,2018-03-31
7df044036d97571ab5951aa71e301fb4,浙江省组织实施宪法宣誓制度办法,2018-03-31,2018-03-31
f7941ce25b5072f0be6d31afb15bdb47,青海省湟水流域水污染防治条例,2018-03-30,2018-03-30
8d0a2172f46b9a9236eaaf0279d67c77,青海省绿化条例,2018-03-30,2018-03-30
59c8fe059d24cbb1febe2bd3a11e35b9,青海湖流域生态环境保护条例,2018-03-30,2018-03-30
c2f5e5e3c6ae089e8146663a54da956e,青海省实施《中华人民共和国水法》办法,2018-03-30,2018-03-30
fb1f8ecbe5f172a7d6b5ba148c9d9f25,青海省地震安全性评价管理条例,2018-03-30,2018-03-30
d11db10ff5c5f14940607adc67b2355b,青海省气象条例,2018-03-30,2018-03-30
91bd81956b8ed67b778d2b4011e10d39,青海省实施《中华人民共和国节约能源法》办法,2018-03-30,2018-03-30
91fc8d6106b74535319a823baa49852e,青海省道路运输管理条例,2018-03-30,2018-03-30
d3da186d54773ec6c2c5f82b3320dde8,青海省饮用水水源保护条例,2018-03-30,2018-03-30
33b85be63e4460214d4c3603d9de9b26,贵州省实施《中华人民共和国归侨侨眷权益保护法》办法,2018-03-30,2018-03-30
9063b9b0a76d45a7ba89cf3bf1997d65,贵州省人口与计划生育条例,2018-03-30,2018-03-30
93c1a3d4ec6930e556319766eee04161,甘肃省组织实施宪法宣誓制度办法,2018-03-30,2018-03-30
a5c63c6a466487a606da1c22bfc3cf56,吉林省黑土地保护条例,2018-03-30,2018-07-01
74aa6694f245475d1f616c73a3644646,上海市实施《中华人民共和国突发事件应对法》办法,2018-05-24,2018-06-01
2c7c9593cfc4d4f915c11461e4d18085,上海市信访条例,2018-05-24,2018-06-01
1831f9d6d1d1dfeb87b782d57b5d67a0,上海市供用电条例,2018-05-24,2018-06-01
4e810a4d9e921e13a5ef51419a2222fd,上海市拆除违法建筑若干规定,2018-05-24,2018-06-01
39535805d0b723e4e03017dae45ebf4a,上海市华侨权益保护条例,2018-05-24,2018-06-01
b2efff5d96ca87ca0c160bf86a41ea67,上海市台湾同胞投资权益保护规定,2018-05-24,2018-06-01
e63b3bc2b4513cb292fc60f462581820,上海市社会治安综合治理条例,2018-05-24,2018-06-01
eb4be9ae51c06c27a9d8cde48c60ccc2,新疆维吾尔自治区人民代表大会常务委员会组成人员守则,2018-05-20,2018-05-20
b5d42576b18ad2e2d17d266c00402f74,新疆维吾尔自治区人民代表大会常务委员会人事任免办法,2018-05-20,2018-05-20
1ecc3ee1109d3c5bd6c76344132f7315,海南省实施《中华人民共和国海域使用管理法》办法,2018-05-15,2018-05-15
ec617373cdbe5f98654535aedd04db10,海南省实施《中华人民共和国海域使用管理法》办法修正案,2018-05-15,2018-05-15
d6643efac8a03cffb0ca6e47a263737e,黑龙江丰林国家级自然保护区管理条例,2018-04-26,2018-04-26
df8ad695752faa549a3de89a9906c443,黑龙江双河国家级自然保护区管理条例,2018-04-26,2018-04-26
5f66d45cda606b4ad36c8fb6be4591ca,黑龙江省呼中国家级自然保护区管理条例,2018-04-26,2018-04-26
e8b8d1ff97cc76cb0a29704978a5636e,黑龙江南瓮河国家级自然保护区保护条例,2018-04-26,2018-04-26
2822fa283beca96968360d54befd2e78,黑龙江牡丹峰国家级自然保护区管理条例,2018-04-26,2018-04-26
78e0c91a8f85eb7db474066825da870d,黑龙江省献血条例,2018-04-26,2018-04-26
95bb16d654eab2f34bc5410b2caea808,黑龙江省民办教育促进条例,2018-04-26,2018-04-26
f6509539c673c127e029581998f4bf54,黑龙江省地质环境保护条例,2018-04-26,2018-04-26
a235403b73ec62ccc8fa1d5b81d1ef71,黑龙江省实施《中华人民共和国人民防空法》条例,2018-04-26,2018-04-26
9b6afbb4ad443774d67b1f963dfa5b97,黑龙江省反不正当竞争条例,2018-04-26,2018-04-26
010bdc3778e52a2112fd4703989d04dd,黑龙江省实施《中华人民共和国水法》条例,2018-04-26,2018-04-26
07c4d96e5a230490b6d01222013423ac,黑龙江省城市房地产开发管理条例,2018-04-26,2018-04-26
e4c73c779f8eee4279ca69cee17fc98b,黑龙江省体育场所管理条例,2018-04-26,2018-04-26
c6dec7f36a5540f8b03fbdb087e27202,黑龙江省高速公路管理条例,2018-04-26,2018-04-26
1bd3df49492c72fff6365fb280c1b3a1,黑龙江省矿产资源管理条例,2018-04-26,2018-04-26
a91c8c645ccc92140840357811451a96,黑龙江省爱国卫生条例,2018-04-26,2018-04-26
d6f7aa2e411ce97eb5fa9ca47a82788e,黑龙江省清真食品生产经营管理条例,2018-04-26,2018-04-26
0f4c6b0cd808cf2750ce0a516460f24e,黑龙江省科学技术进步条例,2018-04-26,2018-04-26
69744c1eb5bfe3bebe736b73ab17246c,黑龙江省制止不正当价格行为和牟取暴利条例,2018-04-26,2018-04-26
42d2119216198be7ea586fc0e2041ebe,黑龙江省发展乡镇企业条例,2018-04-26,2018-04-26
23edfcf7042af33155e9fa2bd729ace9,黑龙江省辐射污染防治条例,2018-04-26,2018-04-26
c51d9641dcf7396a57043ba72c3eff55,黑龙江省会计管理条例,2018-04-26,2018-04-26
80f5500747507224e548a003c5515346,黑龙江省五大连池世界地质公园保护条例,2018-04-26,2018-04-26
88a2d56cd22fe254d00e688b4bdfffc4,黑龙江省航道管理条例,2018-04-26,2018-04-26
01b4e470fa750b9c4a851888eabaf9f1,黑龙江省失业保险条例,2018-04-26,2018-04-26
7a9ffc9cc6d449dd41648df9b3d374f9,黑龙江省道路交通安全条例,2018-04-26,2018-04-26
73fb977f2b6bdc72378ada8722ed7593,黑龙江省文物管理条例,2018-04-26,2018-04-26
990b70f03ceb299eb3b49829c82035e8,黑龙江省实施《中华人民共和国城市居民委员会组织法》办法,2018-04-26,2018-04-26
441f787995dad6b137637fd1cd742549,西藏自治区实施宪法宣誓制度办法,2018-04-10,2018-04-10
bbe0fdb5a4b9bab3cd189df45ce0b8bc,西藏自治区人民代表大会常务委员会关于自治区人民政府规章设定罚款限额的规定,2018-04-10,2018-04-10
aab6a272b2d1d3070b0571c49259fce7,海南省实施宪法宣誓制度办法,2018-04-03,2018-04-03
dadee214a74131ae6b0526e0d40a212e,宁夏回族自治区实施宪法宣誓制度办法,2018-04-03,2018-04-03
f329343043456bfece06033426a989e6,宁夏回族自治区人民代表大会常务委员会人事任免工作条例,2018-04-03,2018-04-03
8043c7e89735a2d31d85735ca6427ae4,江西省禁毒条例,2018-04-02,2018-09-01
444f4b203230011e43125efabf5ddf41,安徽省农业生态环境保护条例,2018-04-02,2018-04-02
2e51f7116e1abc4bfd46a47e27ca7544,安徽省城市建设监察条例,2018-04-02,2018-04-02
224d4e48529f4715e02879ea4e7b413f,安徽省农村公路条例,2018-04-02,2018-04-02
222391117c1fccf6171545fede40df30,安徽省气象灾害防御条例,2018-04-02,2018-04-02
3c5881bf7c38b0364628284ec8dc530d,安徽省邮政条例,2018-04-02,2018-04-02
ef3f7a8b62870bb86195c291ea08669c,安徽省蚕种管理条例,2018-04-02,2018-04-02
813308582800218ab51d983c934a8f50,安徽省气候资源开发利用和保护条例,2018-04-02,2018-04-02
6c629b3a65e6cc18e98fc45149cf93ec,陕西省实行宪法宣誓制度组织办法,2018-03-31,2018-03-31
be4fe808ec5141a3e0ac7c7f777cbb37,福建省城市园林绿化管理条例,2018-03-31,2018-03-31
ecf4350227c30b11fc19e2db245112c3,福建省农业生态环境保护条例,2018-03-31,2018-03-31
459f2c621a896493b2cff4c685cbb112,福建省海域使用管理条例,2018-03-31,2018-03-31
512bac212b56372970e81c771556f976,福建省森林条例,2018-03-31,2018-03-31
388d4b1633b80689b0de25633d20edf1,湖南省学校学生人身伤害事故预防和处理条例,2018-03-31,2018-07-01
20bf831e039fcf739c1be440dee1d0fe,内蒙古自治区企业国有资产监督管理条例,2018-03-31,2018-06-01
6d10a865aa9275c165b7db1593bdbc4f,云南省水利工程管理条例,2018-03-31,2018-05-01
00c666fcffc5cfd6acb9952809cc7c15,云南省禁毒条例,2018-03-31,2018-06-01
313a6610f3ca1a0e6a87a1e6435eff6a,贵州省教师条例,2018-03-30,2018-03-30
a84f4f871e8786cf6e49513d3ff0dc93,甘肃省规章设定罚款限额规定,2018-03-30,2018-05-01
9a412e43939bf9ed1d401df3c0971554,广东省法治宣传教育条例,2018-03-30,2018-05-01
06ada130dd061f987d266099dd8695b6,吉林省组织实施宪法宣誓制度办法,2018-03-30,2018-03-30
efa90eb758fa3e71f9c63fb5d5154648,北京市国家工作人员宪法宣誓组织办法,2018-03-30,2018-03-30
8290ea0348dd845333697517afcb68a5,北京市大气污染防治条例,2018-03-30,2018-03-30
044c92982b0701c9df64a00bd312d170,北京市森林资源保护管理条例,2018-03-30,2018-03-30
8773c3193dce90c601941b02ce748e34,河北省种子管理条例,2018-03-29,2018-06-01
c4b6c92de2e01d2f93e190c9b4a27f34,广西壮族自治区电信设施建设与保护条例,2018-03-29,2018-06-01
6d09f539cc891313d3c59617880e28cf,天津市实施宪法宣誓制度办法,2018-03-29,2018-03-29
7e50e9900869b7105f386a400d3322d2,四川省宪法宣誓制度实施办法,2018-03-29,2018-03-29
42c5208c2c691e4a19b83cbbb8e9d936,四川省电信设施建设和保护条例,2018-03-29,2018-05-01
0745ef22c86a687a90f0dd96defb7d21,江苏省环境噪声污染防治条例,2018-03-28,2018-05-01
7afc065fa019e80f76144fc70d2f4ae5,江苏省农业综合开发管理条例,2018-03-28,2018-05-01
2b9d54c3a09c7d4ae2649efae7af2c18,江苏省辐射污染防治条例,2018-03-28,2018-05-01
af6bb1c11f2fbb7d95d9ed7fcef79581,江苏省城市绿化管理条例,2018-03-28,2018-05-01
c582803a82d0224ac0cfe72efb59e8fa,江苏省长江水污染防治条例,2018-03-28,2018-05-01
fc6c6eeac00afa0fdddb236a067df9f8,江苏省通榆河水污染防治条例,2018-03-28,2018-05-01
d6bae4cfb27a2af9343fb5ab9051997a,辽宁省古生物化石保护条例,2018-03-27,2018-03-27
a1fa7f9f71085d928d5bbdad30a2847f,辽宁省实施《中华人民共和国森林法》办法,2018-03-27,2018-03-27
c5d4b5caa767eb2072c27d5fd0235dc5,江苏省测绘地理信息条例,2018-01-24,2018-05-01
55c4d64203ef7afdfba7f91b260cca4d,江苏省广播电视管理条例,2018-01-24,2018-05-01
fba21d62e0cf5d65848198dff0988fc6,江苏省开发区条例,2018-01-24,2018-05-01
6bd35d80f0aef87ce2c61b94c8f29b6e,山东省森林和野生动物类型自然保护区管理办法,2018-01-23,2018-01-23
bb9d8a434308d91eca5a09b048fb0177,山东省湖泊保护条例,2018-01-23,2018-01-23
7b0cc6c7225ec72b365b7a03ab994a3d,山东省南水北调工程沿线区域水污染防治条例,2018-01-23,2018-01-23
5bfafe068a7b248ac2e26c8f1d7bed01,山东省环境噪声污染防治条例,2018-01-23,2018-01-23
718572d5de66db6c6ecb67d848dedf3d,山东省实施《中华人民共和国渔业法》办法,2018-01-23,2018-01-23
55ee5244836653e76304c88a7698178c,山东省教育督导条例,2018-01-23,2018-01-23
e7ccb483da6c34089a97474f2f9ba475,湖北省风景名胜区条例,2018-01-18,2018-05-01
3d2706d780d578647a16b8ddbd62c086,北京市机动车停车条例,2018-03-30,2018-05-01
f0aa9b0c8e2c8efb610d1dda054b6185,北京市水利工程保护管理条例,2018-03-30,2018-03-30
642301aa541ff02c584e8f4242828831,北京市实施《中华人民共和国防洪法》办法,2018-03-30,2018-03-30
2fa99910eac1d7cfbdd1c3ba5d00b8e4,北京市水污染防治条例,2018-03-30,2018-03-30
1c78b0ab51ee664d2f08f9206cda5a06,山东省实施宪法宣誓制度办法,2018-03-29,2018-03-29
2f3318e981c0ca855e87f4933e5b220b,山东省人民代表大会常务委员会组成人员守则,2018-03-29,2018-03-29
245673a88f658303ba255017b6c1a228,江苏省妇女权益保障条例,2018-03-28,2018-06-01
7bf51c5d063f77dc618298ec44ca5356,江苏省渔业管理条例,2018-03-28,2018-05-01
918b77aa351e5ad3cf0eba782fbf3bdb,江苏省渔业港口和渔业船舶管理条例,2018-03-28,2018-05-01
5e1bfbeb01880014688c3facaa8efe9a,江苏省固体废物污染环境防治条例,2018-03-28,2018-05-01
58ab52d64d2731f582ce381a58cd544b,江苏省海域使用管理条例,2018-03-28,2018-05-01
26a0bb7d10a36fdf37c75bc642feea13,江苏省物业管理条例,2018-03-28,2018-05-01
24d5e27bdb780d26bfd296d261cb1976,江苏省城乡规划条例,2018-03-28,2018-05-01
48fde2b8e369502ebdde780501185848,江苏省城市房地产交易管理条例,2018-03-28,2018-05-01
f4f4a7b871766dfc79a6921cc6fac000,江苏省大气污染防治条例,2018-03-28,2018-05-01
c5266fca5c446ca764b9b0997e96afda,江苏省实施宪法宣誓制度办法,2018-03-28,2018-03-28
8fa3a34c268b81b07414f84eed8df158,辽宁省地质环境保护条例,2018-03-27,2018-03-27
ee2b11c07f61a2456d34c638b6be3150,辽宁省农作物种子管理条例,2018-03-27,2018-03-27
9ad0b9d6c2e930d434e92dc9e2f8998e,辽宁省机动车污染防治条例,2018-03-27,2018-03-27
4cd449202f2b380d6eef1667ce014674,江苏省太湖水污染防治条例,2018-01-24,2018-05-01
54917ee3fcb9900aafad6eb90e7dbc01,山东省黄河河道管理条例,2018-01-23,2018-01-23
aff0f22c97e5d4fe4f8e1457ae86a56f,山东省农业机械管理条例,2018-01-23,2018-01-23
577912100e986194c6ecba97fc25456a,山东省机动车排气污染防治条例,2018-01-23,2018-01-23
c3fa37e3e2f8de627f10eee834436a77,山东省实施《中华人民共和国环境影响评价法》办法,2018-01-23,2018-01-23
360baf926a63171cfd8ce7ac14200ae7,山东省实施《中华人民共和国野生动物保护法》办法,2018-01-23,2018-01-23
3c8b00e8417a8d90eed61320c1901c04,山东省道路运输条例,2018-01-23,2018-01-23
247b89db54cea7dd5e9226010ab5e908,山东省气象灾害防御条例,2018-01-23,2018-01-23
4b622dd97af77ea7e78b0997b4445cf1,吉林省城镇饮用水水源保护条例,2018-01-22,2018-01-22
8ea1d107c55040d60c4b658912334c06,湖北省消费者权益保护条例,2018-01-18,2018-05-01
bc62c85832aff33c65f50a4d37362419,湖南省实施《中华人民共和国固体废物污染环境防治法》办法,2018-01-17,2018-05-01
243c39fabd9ed06ff444b24031546b2f,广西壮族自治区道路运输管理条例,2018-09-30,2018-09-30
92ba84ffcd5ef3f69c9e38f71bed4c2c,广西壮族自治区特种行业治安管理条例,2018-09-30,2018-09-30
50e3669126d0a25ba6bb11ade6477474,山西省实施《中华人民共和国野生动物保护法》办法,2018-09-30,2018-09-30
324f46ec68a0c89cd80e815d94c5f021,山西省节约能源条例,2018-09-30,2018-09-30
3cd7e9737a8d32dc661fe4567c1b9d2f,四川省邮政条例,2018-09-30,2018-09-30
6ef59c76b3e0873807128caf956b45fe,福建省物业管理条例,2018-09-30,2019-01-01
f9e258282bd85713f3d02548b30af561,江西省家庭教育促进条例,2018-09-30,2018-12-01
ef704ee98325f9b900b3e6d4e43e7824,天津市海洋环境保护条例,2018-09-29,2018-09-29
711577b698c43bd68d4f50f8df8f913a,天津市河道管理条例,2018-09-29,2018-09-29
d512a47cc3f309a6276d0ad36d5881eb,天津市海域使用管理条例,2018-09-29,2018-09-29
15b29cd3b33a365564bff2d20c98e47b,天津市大气污染防治条例,2018-09-29,2018-09-29
92d04461fb6aeb297e21d5fc4a3e53b2,天津市矿产资源管理条例,2018-09-29,2018-09-29
54a9c77472126201c1d10a146bd7ab35,天津市建筑节约能源条例,2018-09-29,2018-09-29
24925b2f093fb6dbed29afb3d3857d8d,山东省城市建设管理条例,2018-09-21,2018-09-21
1df92e4088985dcb1127176fe483a3b8,山东省建设工程勘察设计管理条例,2018-09-21,2018-09-21
bb51fad2222d55f1692346edbd55ed49,山东省道路运输条例,2018-09-21,2018-09-21
d2dda615e2fb152b35aa4e0c58b87e60,山东省民用建筑节能条例,2018-09-21,2018-09-21
edcb318b6eaa5623f6897bcf9bac94bf,泰山风景名胜区保护管理条例,2018-09-21,2018-09-21
304dbdf70f1e46d554e790b62722642c,山东省供热条例,2018-09-21,2018-09-21
c1e554f62ada216ca646bc516c5c1d76,山东省物业管理条例,2018-09-21,2018-09-21
802d912e7c7afd3324e0da798fa70eaa,山东省水污染防治条例,2018-09-21,2018-12-01
1b6489844d80b8d66a74a2df0f0e6c04,吉林省公路水运工程质量和安全生产条例,2018-09-21,2019-01-01
0c5a21552878957e3471390cc69f6de0,吉林省农作物种子条例,2018-09-21,2019-01-01
779c6d809f68f25a89a8afc4f4f38efd,青海省湿地保护条例,2018-09-18,2018-09-18
0c0c4b14a1faadda9798cb13c34807a3,青海省实施《中华人民共和国草原法》办法,2018-09-18,2018-09-18
e9e06906ed72e3c5d16b3f6f547a1a7d,青海省电信设施建设与保护条例,2018-09-18,2018-12-01
b72c166663cad2a4946dd9d16fb238c6,宁夏回族自治区清真食品管理条例,2018-09-14,2018-09-14
ad9fdb03bd635d030120275753de1e35,宁夏回族自治区奶产业发展条例,2018-09-14,2018-09-14
2a5ca890d0029b3b02f6a537dc92a6fc,黑龙江省人民代表大会常务委员会组成人员守则,2018-08-24,2018-08-24
10c5a8c0b7a5e703b72ac6f2a7f5aceb,山西省组织实施宪法宣誓办法,2018-08-03,2018-08-03
1d183f0c4c523dfabfad847e56354125,贵州省林木种苗条例,2018-08-02,2018-10-01
8636d89ac76dfe42bb05fe99f7b7c80a,甘肃省城乡规划条例,2018-07-28,2018-09-01
410bf80088e85933eeddd219cbfa1b0d,甘肃省实施《中华人民共和国防沙治沙法》办法,2018-07-28,2018-09-01
8c3859b775e0b775336c48d0ff309d5a,河北省地方立法条例,2018-07-27,2018-09-01
810ea7b71da8cd8e713de78e5585a807,江西省实施《中华人民共和国气象法》办法,2018-07-27,2018-07-27
0a709c85174503bfb7fa00ac0f947b8b,江西省促进发展新型墙体材料条例,2018-07-27,2018-07-27
4e173ea9dd3f8b8bad08d5abeba2b7de,江西省防震减灾条例,2018-07-27,2018-07-27
3e6c643f62a77f78b19087a1a7ec8fd5,江西省三清山风景名胜区管理条例,2018-07-27,2018-07-27
a189b78f15012c3083cdd99149612017,江西省河道管理条例,2018-07-27,2018-07-27
8a6492be5d9a8a386a5dac8276f070bd,江西省气象灾害防御条例,2018-07-27,2018-07-27
4a2518832122c474222e9ae34416c950,江西省古树名木保护条例,2018-07-27,2018-07-27
8c970e6893c3f01dfc2b22fc0f945f2e,江西省消防条例,2018-07-27,2018-07-27
220111a03c998108c69c52d6332e1349,江西省水利工程条例,2018-07-27,2018-07-27
14625fdc224f6d3dd331d54b1ff742ee,江西省实施《中华人民共和国煤炭法》办法,2018-07-27,2018-07-27
842e8549ef6140531154d1602924a850,江西省机动车排气污染防治条例,2018-07-27,2018-07-27
70d0b8a3fa645afec064460f449d3367,江西省庐山风景名胜区管理条例,2018-07-27,2018-07-27
8f424a923be9f24a4e5d593db4d83910,江西省人民代表大会常务委员会关于政府规章设定罚款限额的规定,2018-07-27,2018-07-27
973aa3f56d8b092e3b72b97955e27dd7,江西省井冈山风景名胜区条例,2018-07-27,2018-07-27
21359b23206a2310fdfd71d73c5cbe50,江西省文物保护条例,2018-07-27,2018-07-27
9d4924073f1aa69dc2fbedadc42ecb68,江西省实施《中华人民共和国人民防空法》办法,2018-07-27,2018-07-27
0a403a239b7373d253336421641fec97,江西省气候资源保护和利用条例,2018-07-27,2018-10-01
6fa3ca356be27d70288e043ae8a75458,江西省电信条例,2018-07-27,2018-10-01
9704d19a064c2103761bf06ba91d32be,山东省无线电管理条例,2018-07-27,2018-09-01
74e2adac9b82697714fda0c2a853bd1d,宁夏回族自治区绿色建筑发展条例,2018-07-27,2018-09-01
c093bf69982185a812c3afe1616e1bce,福建省生态公益林条例,2018-07-27,2018-11-01
376e1c894c103a02a58036a379fe77d7,重庆市实施《中华人民共和国渔业法》办法,2018-07-26,2018-07-26
2446be8ea893ae4a8fed256611132447,重庆市水路运输管理条例,2018-07-26,2018-07-26
59dcc92ad6a8b0305187cf179a5b61be,重庆市河道管理条例,2018-07-26,2018-07-26
0ab937a3de833416a056283012171478,重庆市城市园林绿化条例,2018-07-26,2018-07-26
8bcea63ed26923f078b1869a0679e587,重庆市绿化条例,2018-07-26,2018-07-26
fca734fb0de64649c456094fc0777ca0,重庆市航道管理条例,2018-07-26,2018-07-26
125da14fe1f279766340af27552c719d,重庆市公路管理条例,2018-07-26,2018-07-26
c8a8ccc5f982b7ec0989926584af8f7f,重庆市环境保护条例,2018-07-26,2018-07-26
eed7220f2ab7b3299a416e261d627f5b,重庆市市政设施管理条例,2018-07-26,2018-07-26
3f88323c7391ce2da00e5704b797f6b4,重庆市大气污染防治条例,2018-07-26,2018-07-26
f6c97427e6140146272fe71e292309d6,重庆市风景名胜区条例,2018-07-26,2018-07-26
7f799b729502da629aef4a63d6b94725,重庆市大足石刻保护条例,2018-07-26,2018-07-26
aafde4fd284d24249551c756735bef67,重庆市水资源管理条例,2018-07-26,2018-07-26
ba2518a38d2bb512c49172ab12ae8187,内蒙古自治区气象灾害防御条例,2018-07-26,2018-07-26
e80b3e33e642d261bef013583958dedc,内蒙古自治区气象条例,2018-07-26,2018-07-26
75336873d8ff7b14bd26f218a096bdb1,内蒙古自治区水土保持条例,2018-07-26,2018-07-26
ff6e9574d1d8eebf3b75b8b6b643e06a,内蒙古自治区呼伦湖国家级自然保护区条例,2018-07-26,2018-07-26
3bbdbeb5dc160bae45307bc5c39a2974,内蒙古自治区实施《中华人民共和国森林法》办法,2018-07-26,2018-07-26
030811ac06196ab6a26f3fb10114a2b0,四川省固体废物污染环境防治条例,2018-07-26,2018-07-26
26ef24b11da208ff97b21e4cc3434f47,四川省物业管理条例,2018-07-26,2018-07-26
bc2e08e1a0974ddfd235ab9e8c1ce905,湖南省武陵源世界自然遗产保护条例,2018-07-19,2018-07-19
ba97a06b90d588c398254079e27cf89d,湖南省洞庭湖区水利管理条例,2018-07-19,2018-07-19
7858997375baa870cebc6e7f3d27b1a9,湖南省韶山风景名胜区条例,2018-07-19,2018-07-19
afd8519082798015a7744885b9dccf74,湖南省实施《中华人民共和国防洪法》办法,2018-07-19,2018-07-19
81d4db461a72c6a2a3acd016bf5fd2f4,湖南省南岳衡山风景名胜区保护条例,2018-07-19,2018-07-19
2122baa26b7ec44ebfa1e2e91923950c,湖南省野生动植物资源保护条例,2018-07-19,2018-07-19
f88e1061b087de40197da83d5cbba17e,湖南省实施《中华人民共和国水土保持法》办法,2018-07-19,2018-07-19
91222b8d345abe44389045553aa2d60c,湖南省东江湖水环境保护条例,2018-07-19,2018-07-19
b2eaf9b70eb4690a55f3ee3e09d2e174,湖南省崀山风景名胜区保护条例,2018-07-19,2018-07-19
d8ec26943cbbe4c4dc40a952c55de696,湖南省紫鹊界梯田梅山龙宫风景名胜区保护条例,2018-07-19,2018-07-19
419861a29971630bf52e5f10d36759b1,湖南省风景名胜区条例,2018-07-19,2018-07-19
1cfe811a9a5813a6156b1fe76d442d09,湖南省渔业条例,2018-07-19,2018-07-19
d3ea113e37bac1642c82ceac38c49bd4,湖南省审计监督条例,2018-07-19,2018-07-19
92fd8b008d398e0b85318703499634a6,湖南省物业管理条例,2018-07-19,2019-01-01
32b49a388b4b8023844c4a2803e1acff,黑龙江省畜禽屠宰管理条例,2018-06-28,2018-06-28
06470613fcdb4fd9d1bb9cded1bcd44f,黑龙江省体育经营活动管理条例,2018-06-28,2018-06-28
6411235defde9c4846d173af4cd67733,黑龙江省人口与计划生育条例,2018-06-28,2018-06-28
95d611d804c51711435cb7eeb43f7534,黑龙江省公路条例,2018-06-28,2018-06-28
7019ac3dc28fab116566b4b0bdd6bb54,黑龙江省档案管理条例,2018-06-28,2018-06-28
e693a59b1bdc05b872557f2c904bb0d7,黑龙江省城市供热条例,2018-06-28,2018-06-28
1599bc703305890b450b764720b758bd,黑龙江省体育发展条例,2018-06-28,2018-06-28
ecb9660d65f4c5a7b4c05a26bed1978e,黑龙江省消防条例,2018-06-28,2018-06-28
685a472b8fa26f6182e01bacf131c763,黑龙江省食品安全条例,2018-06-28,2018-06-28
ae01f784e701450b091bba7659a2baa9,吉林伊通火山群国家级自然保护区管理条例,2018-11-30,2018-11-30
ace3024844e8405f3248bfa7eff331f1,陕西省城市管理综合执法条例,2018-11-30,2019-03-01
8b250896ac301ca74ead1e127de767cf,陕西省企业工资集体协商条例,2018-11-30,2019-03-01
04af37b02c9224d7b201c5666ba9aed7,甘肃省实施《中华人民共和国野生动物保护法》办法,2018-11-29,2019-01-01
3ee54a226dd5e4f570837eaa0e83b1dc,甘肃省查处生产销售假冒伪劣商品行为条例,2018-11-29,2019-01-01
f1c86f8743764852b6575ce7d1b7b484,甘肃省广告条例,2018-11-29,2019-01-01
327a799fdae301c12fac3cec6d3ae89d,甘肃省大气污染防治条例,2018-11-29,2019-01-01
63d427827665bcd4b86170877c82dab0,广东省爱国卫生工作条例,2018-11-29,2019-01-01
32b5b34d5d1c395054e10c666830c6fc,广东省养老服务条例,2018-11-29,2019-01-01
7a1255b0073c555fa02f14604b1bf3a5,广东省实施《中华人民共和国土壤污染防治法》办法,2018-11-29,2019-03-01
c7fd31f07ad5c985cd6bfae38a7035d9,广东省实施《中华人民共和国招标投标法》办法,2018-11-29,2019-03-01
896c803bf8b52e1ede6b3ef00f34d7d6,广东省人才发展条例,2018-11-29,2019-01-01
0e420266c8cd6432297643673c18fd33,广东省实施《中华人民共和国环境噪声污染防治法》办法,2018-11-29,2018-11-29
c9b2e90eee399b40cf3b25c01cbdd74e,广东省实施《中华人民共和国海洋环境保护法》办法,2018-11-29,2018-11-29
a01114262c1876daad240f614c149abd,宁夏回族自治区老年人权益保障条例,2018-11-29,2019-01-01
76c4abff3995e2833b29bb47f9c09c2d,宁夏回族自治区预算审查监督条例,2018-11-29,2019-01-01
5c87f632dca540bfaa030350f1872800,云南省地质环境保护条例,2018-11-29,2018-11-29
df6cd560b39bb543c9727309dafbe329,云南省水文条例,2018-11-29,2018-11-29
a9cb1b42aaa192951a152474f7e40427,云南省会计条例,2018-11-29,2018-11-29
12d043fd9cc41a078097f5fa0f080f5a,云南省森林条例,2018-11-29,2018-11-29
c125108aeba03a2119332ba8186cd2f9,云南省技术市场管理条例,2018-11-29,2018-11-29
aa009b9011f854ffdfcff7df63c5605f,云南省水土保持条例,2018-11-29,2018-11-29
b44ef6750c0ccd212fb245c5a988b605,云南省实施《中华人民共和国水法》办法,2018-11-29,2018-11-29
581942ddc568d32c2d70b11ab1e09c69,云南省科学技术进步条例,2018-11-29,2018-11-29
4ce5febfdfc96fafec6c18cddd348024,云南省防震减灾条例,2018-11-29,2018-11-29
f65eab5550f8edd833102f4bc9b8db71,云南省实验动物管理条例,2018-11-29,2018-11-29
04dd36ee31174b7ad737d7dbef0a6ee0,云南省绿化造林条例,2018-11-29,2018-11-29
e7b8088340fb7e64d81f1a4d7f6fd6c8,云南省气象灾害防御条例,2018-11-29,2018-11-29
16eff35237e656c81764a7b4606175c4,云南省实施《中华人民共和国农业技术推广法》办法,2018-11-29,2018-11-29
65bb4550690f670648110f68397c7ac3,云南省药品管理条例,2018-11-29,2018-11-29
1e51f51ffd1874a1d9d0e3ac5f51c573,云南省旅游条例,2018-11-29,2018-11-29
f39214bf166948493853b55d14673af2,云南省建设工程抗震设防管理条例,2018-11-29,2018-11-29
cb39604296251a73162bc6dcc0c46d46,云南省散装水泥促进条例,2018-11-29,2018-11-29
38c9ae2ee2c4517d0a7be512a12d97e3,云南省促进民族自治地方科学技术进步条例,2018-11-29,2018-11-29
8864fa3b8f1b4c2f49ddcc79764a3628,云南省母婴保健条例,2018-11-29,2018-11-29
51caf432a1ee3337aec6c7114a792676,云南省气象条例,2018-11-29,2018-11-29
d2bb3c77aa2ea53ab9ca27a0d0aba982,云南省大气污染防治条例,2018-11-29,2019-01-01
e4303dcc62ea65665b916c8eda3fe91d,贵州省国有林场条例,2018-11-29,2019-01-01
729a5adb4c5475004d5b40eb49c71b97,青海省农村公路条例,2018-11-28,2019-01-01
58c617aa32098e8a98eb53a905183e0f,青海省燃气管理条例,2018-11-28,2019-03-01
4a84fd7a1623c87263f026932b5a528a,辽宁省绿色建筑条例,2018-11-28,2019-02-01
72f01eaa588ef213a6c8a6479d89f9ad,辽宁省节约用水条例,2018-11-28,2019-02-01
f0b54d93c706406dad54a8fff3300bed,广西壮族自治区乡村规划建设管理条例,2018-11-28,2019-05-01
1f23932eef597118f6250a3d2a45fdeb,广西壮族自治区大气污染防治条例,2018-11-28,2019-01-01
8e71854cabe9d0adfa9a313cf32d1564,广西壮族自治区民族教育促进条例,2018-11-28,2019-01-01
45921213fd74ab63d8774f53bb9255ee,青海省人民政府向省人大常委会报告国有资产管理情况的实施办法,2018-11-28,2018-11-28
76e0f5f7be8100ba3978298baffd8549,安徽省淮河流域水污染防治条例,2018-11-26,2019-01-01
a10c10e89fdffbe0fc49f26f5eba0575,福建省促进中小企业发展条例,2018-11-23,2018-11-23
f9af62ecb05f416f8135eca95324b5a6,福建省节约能源条例,2018-11-23,2018-11-23
100821782c52470f9a4b76a3a2c71678,福建省促进散装水泥发展条例,2018-11-23,2018-11-23
fc10079d6b3fdc2f0dec7b36b999563d,福建省大气污染防治条例,2018-11-23,2019-01-01
a8d294e4f6be6a5278e75fe53ba6dea7,福建省林业有害生物防治条例,2018-11-23,2019-01-01
8d35036898281ffa783dc64765f4257c,福建省拥军优属条例,2018-11-23,2018-11-23
a146cfdf4b0d8d59d5707b4e7b4f262d,河北省人民代表大会常务委员会关于河北雄安新区中级人民法院和河北省人民检察院雄安新区分院人事任免暂行办法,2018-11-23,2018-11-23
7e80c779ae43f3d30f969702113980db,北京市气象灾害防御条例,2018-11-23,2019-01-01
91e6fb721309e46993bd3cf7e57ec7e2,江苏省奖励和保护见义勇为人员条例,2018-11-23,2019-01-01
d866d26863efc4708bf08b3329ab38df,江苏省大气污染防治条例,2018-11-23,2018-11-23
f0aa0bc1db51047d99bb309d5b1f63a1,江苏省农业生态环境保护条例,2018-11-23,2018-11-23
c84725843f553367d9087c30aa5a9bd7,江苏省全民义务植树条例,2018-11-23,2018-11-23
0f7ae60d9398bc907227600af0b35015,江苏省水利工程管理条例,2018-11-23,2018-11-23
a41d0578354e7c48662758a1bef77c1f,江苏省内河水域船舶污染防治条例,2018-11-23,2018-11-23
7c84afa034dc5fc19a911aec9a77a327,上海市宗教事务条例,2018-11-22,2019-03-01
2391723c0c2a49452f7dffe6aa206a3e,上海市职业教育条例,2018-11-22,2019-03-01
778784b01dca8e67bb0cf3607e6aa9ef,天津市消费者权益保护条例,2018-11-21,2019-01-01
937494a3df00a8b16990fa86184b3b80,天津市产品质量监督条例,2018-11-21,2019-01-01
a6690263f23dcee30032045641f9a704,天津市预算审查监督条例,2018-11-21,2019-01-01
60db38c0001bfbd9c21dc4194c814b5f,天津市促进精神文明建设条例,2018-11-21,2019-01-01
f9da13eccc4e7f09667867f7973dd9c0,天津市预防和治理校园欺凌若干规定,2018-11-21,2018-11-21
af38a3c1bf2ddb4624542e1715110713,湖北省地质环境管理条例,2018-11-19,2018-11-20
c1730af4fabd23a3c7b8f83c2de0c337,湖北省实施《中华人民共和国野生动物保护法》办法,2018-11-19,2018-11-20
312f6090080297bd532cda26f9c1cae6,湖北省公共文化服务保障条例,2018-11-19,2019-02-01
c3b797aa7dfedc6723df9e8557f173a2,湖北省大气污染防治条例,2018-11-19,2019-06-01
d504dc8aaf3cbe4952bab07bb561363d,黑龙江省电梯安全条例,2018-10-26,2019-01-01
11034b29da4c173115d9cb039ab96380,黑龙江省节约用水条例,2018-10-26,2019-01-01
1527fd5befa18d329080e3c955c58540,黑龙江省人民代表大会常务委员会关于加强老年人保健产品等消费领域消费者权益保护工作的决议,2018-10-26,2018-10-26
9cebd7befe274871c36eb2b1c516bb3b,内蒙古自治区公路工程质量监督条例,2018-10-13,2018-12-01
850d31316b044f8315d441e1c70b7175,内蒙古自治区老年人权益保障条例,2018-10-13,2019-01-01
255afea6f42c37be94685034ff478d23,辽宁省开发区条例,2018-10-11,2019-01-01
69d44bb163df91203a78f195c44c9076,辽宁省司法鉴定条例,2018-10-11,2019-01-01
25fc0bece38d2d3bebd048d8b79c0eda,新疆维吾尔自治区去极端化条例,2018-10-09,2018-10-09
9e5e55c295ae138148fb09d5e933e449,新疆维吾尔自治区实施《中华人民共和国反恐怖主义法》办法,2018-10-09,2018-10-09
0fdc1b417a6e7dca42aa46d620a0216e,湖北省实施《中华人民共和国全国人民代表大会和地方各级人民代表大会代表法》办法,2018-09-30,2018-10-01
daa1ba3338366e6f9c2e545e188221b3,湖北省天然林保护条例,2018-09-30,2018-12-01
cc0ba5be937446d4cad3378ff6992078,海南省河长制湖长制规定,2018-09-30,2018-11-01
796ad23dd6cf8f155d426a301a89b9c0,海南省农作物种子管理条例,2018-09-30,2018-11-01
6a14e0390d7d90d65e53f7c93479c75f,浙江省华侨权益保护条例,2018-09-30,2018-12-01
e753edae708e0bdcdca28b0fae2cb73c,河南省义务植树条例,2018-09-30,2018-09-30
00ed5da55d14422c4c3749a200320da9,河南省信阳南湾水库饮用水水源保护条例,2018-09-30,2018-09-30
4900c7783e88072d313536fc1330a7c1,河南省地质环境保护条例,2018-09-30,2018-09-30
d5af129de27bd6eac27b9bde6b1e4286,河南省实施《中华人民共和国水法》办法,2018-09-30,2018-09-30
40485998fb6fb4dfd524ee20493040dd,河南省林地保护管理条例,2018-09-30,2018-09-30
30927a85650ec57a0ad92cbad75dffd5,河南省云台山景区保护条例,2018-09-30,2018-09-30
48d59dce66b4a8b585192eccf8619146,河南省实施《中华人民共和国野生动物保护法》办法,2018-09-30,2018-09-30
730c4d3f6729b7dd9cc5d32d08c94176,河南省建设项目环境保护条例,2018-09-30,2018-09-30
03dbb0dbb4d0df63f148130d6678ba18,河南省森林防火条例,2018-09-30,2018-09-30
d6263400d79a0949b6bfa13828abcc50,广西壮族自治区红树林资源保护条例,2018-09-30,2018-12-01
7614fa699c69055aa915866f458ea46f,广西壮族自治区南宁青秀山保护条例,2018-09-30,2018-09-30
3b52acc5cfeee92300307b552c3e148a,广西壮族自治区防震减灾条例,2018-09-30,2018-09-30
94dd232276c380fb0df2114f457abc9a,广西壮族自治区实施《中华人民共和国节约能源法》办法,2018-09-30,2018-09-30
62ae617e8956e75ea817dafb91f878ae,广西壮族自治区海洋环境保护条例,2018-09-30,2018-09-30
c08cd37146e4df614eae4c5bdef39667,广西壮族自治区河道采砂管理条例,2018-09-30,2018-09-30
b7cb3024461694a9b35c8b3ac1fd427d,广西壮族自治区气象灾害防御条例,2018-09-30,2018-09-30
0aa7072c92bd5825b49c1c354ff5d80c,广西壮族自治区河道管理规定,2018-09-30,2018-09-30
92ea0fd243a0c79c0bbda5a1d73ea529,广西壮族自治区森林和野生动物类型自然保护区管理条例,2018-09-30,2018-09-30
89c59464ee3e5a69360daf5023096da6,广西壮族自治区气象条例,2018-09-30,2018-09-30
b03e8a0941cbac39c50a761dc47b7054,广东省铁路安全管理条例,2018-09-30,2018-12-01
305a7d5a5080c7683aecd67ab7d70094,山西省人民防空工程建设条例,2018-09-30,2018-09-30
c2f8e102bd2a53c7ac143b3f9df6fdb6,山西省减少污染物排放条例,2018-09-30,2018-09-30
d9fe552c94faf6b3f33352296f06e86f,山西省林木种子条例,2018-09-30,2018-09-30
58de7a9d4393da419cbb340c69b9c8ca,山西省平遥古城保护条例,2018-09-30,2018-12-03
8d4367fa98ce405455d042d55d43be20,安徽省大气污染防治条例,2018-09-30,2018-11-01
73b8c14e80f1405bde7e053fcd83a5a6,黄山风景名胜区管理条例,2018-09-30,2018-11-01
9f6dc000cf74a23e2b4452b301e7140d,九华山风景名胜区管理条例,2018-09-30,2018-11-01
7790779f0a0327801b9a5848758f9b26,安徽省实施《中华人民共和国农业技术推广法》办法,2018-09-30,2019-01-01
f56c18cd7dd60126f7abc52ad6f10fc2,安徽省促进科技成果转化条例,2018-09-30,2019-01-01
29ff9df696966b81796b21aff5a0400c,四川省自然保护区管理条例,2018-09-30,2018-09-30
eecbc84247dd5ac8c124eb53673d67bd,四川省蚕种管理条例,2018-09-30,2018-09-30
c2ee065cf2e112728c4dee1f40aa76a7,四川省《中华人民共和国节约能源法》实施办法,2018-09-30,2018-09-30
199c2fcd35c7185427547c4b6f756831,四川省统计管理条例,2018-09-30,2018-09-30
bb75849f3e1417d03901b2d127df8c12,四川省促进科技成果转化条例,2018-09-30,2019-01-01
652165ac9c8b38921be5c93ba3887ea9,福建省生态文明建设促进条例,2018-09-30,2018-11-01
f4c66076c5b755dfbe053f379425fcdd,河南省减少污染物排放条例,2018-09-30,2018-09-30
e5a49852130a577025864cd8fac21e14,河南省实施《中华人民共和国渔业法》办法,2018-09-30,2018-09-30
2b5641fbcfdc8d45dde96ba1468ede9c,重庆市公共汽车客运条例,2018-09-29,2019-01-01
497b2bde9c375d21f5b58386514ff453,重庆市宪法宣誓实施办法,2018-09-29,2018-10-01
cad3e47b2c6dc5e4697c5c6d39b8c764,天津市防洪抗旱条例,2018-09-29,2018-09-29
48a6f190dae13fea445f0da87c9f4a25,天津市特种设备安全条例,2018-09-29,2018-11-01
2ca3ed1713cb8f629b556aa29d4096df,天津市实施《中华人民共和国种子法》办法,2018-09-29,2018-11-01
ef673a9cb1d55154c511f7e4ff19ff17,天津市公共文化服务保障与促进条例,2018-09-29,2018-11-01
6d7f1a4f28d5a23e6a31460e53cae2d1,河南省人民代表大会常务委员会关于全面加强生态环境保护依法推动打好污染防治攻坚战让中原更加出彩的决议,2018-09-29,2018-09-29
c489f6ca7a895d3131cfed249cfc8c6b,陕西省人力资源市场条例,2018-09-28,2019-01-01
78d2cefdd6ce7ac5adc17fe964556519,北京市实施《中华人民共和国道路交通安全法》办法,2018-09-28,2018-11-01
0206a8d07b661812023219a01be9a295,北京市非机动车管理条例,2018-09-28,2018-11-01
34bcb046579b3035bf192a81bfa1495b,陕西省奖励和保护见义勇为人员条例,2018-09-28,2018-11-01
3c6b687bb146fd0b9f94665cfa90bd62,陕西省气候资源保护和利用条例,2018-09-28,2019-01-01
78014de357ae796da8667dfe3fb00a60,甘肃省麦积山风景名胜区条例,2018-09-21,2018-12-01
67ada9824e38b26ecdffacde45e93c7c,甘肃省自然保护区条例,2018-09-21,2019-01-01
ae0de155500171c24acb108fe9cdfbb4,江苏省人民代表大会常务委员会关于聚焦突出环境问题依法推动打好污染防治攻坚战的决议,2018-09-21,2018-09-21
4e8f826f6ea879aba4096c3e8a8d2814,江苏省地方志工作条例,2018-09-21,2018-12-01
bca1d66c06f69d5f73f8744b4e709f5d,新疆维吾尔自治区环境保护条例,2018-09-21,2018-09-21
6e361bf568fdbc8f3bd96c3f7fd25581,新疆维吾尔自治区实施《中华人民共和国森林法》办法,2018-09-21,2018-09-21
ef1760e5656342092c3a2e9fc635b48e,新疆维吾尔自治区卡拉麦里山有蹄类野生动物自然保护区管理条例,2018-12-29,2018-12-29
ac9887adf613d4cb7956777a36c4ef60,上海市市容环境卫生管理条例,2018-12-20,2019-01-01
52e03b3e698200453a21f467fd3fb2be,上海市供水管理条例,2018-12-20,2019-01-01
9a3ab866d2de7a6ff484914bd64a1144,上海市建筑市场管理条例,2018-12-20,2019-01-01
6c74d4598d1782fdb61825262768e70f,上海市河道管理条例,2018-12-20,2019-01-01
fecd30d59d997274116153bc4fd7d4f2,上海市轨道交通管理条例,2018-12-20,2019-01-01
3376901ef3b8a36b8229754bff08a09a,上海市饮用水水源保护条例,2018-12-20,2019-01-01
3de80c6a269818a777ef5560d8447440,上海市环境保护条例,2018-12-20,2019-01-01
3fc6f0b24a98e74b102aa617db51d64f,上海市实施《中华人民共和国土地管理法》办法,2018-12-20,2019-01-01
38f551ca0729cf21f528a1100e19fb38,贵州省大气污染防治条例,2018-12-18,2018-12-18
b4edb1d5e3a244ed13fbfa272b452421,贵州省赤水河流域保护条例,2018-12-18,2018-12-18
cd03b147ff0f1b8cca7d64e2440b729a,贵州省水资源保护条例,2018-12-18,2018-12-18
6fdcec4cffdfa85c6396c95f93a0e64b,贵州省林地管理条例,2018-12-18,2018-12-18
165cf6dbcf98ef7769c3358c1afa9ded,贵州省绿化条例,2018-12-18,2018-12-18
ec59f200bce3c7d48c2bc2f3aa671a9e,贵州省生态文明建设促进条例,2018-12-18,2018-12-18
a84d286e2d3fd29a08182cec9d6bf1bb,贵州省森林条例,2018-12-18,2018-12-18
9b9beb52e41be26c4511514be40abc37,贵州省水土保持条例,2018-12-18,2018-12-18
71d4239d2d576f17cce135897fbf9ea7,贵州省森林防火条例,2018-12-18,2018-12-18
80dd0c5bb97b272121471ad087099a0d,贵州省红枫湖百花湖水资源环境保护条例,2018-12-18,2018-12-18
7d07e81417f3ce1aae91fc8d0a611d6f,贵州省土地管理条例,2018-12-18,2018-12-18
4e5b5e6f33c6534e93db9a09af44c997,贵州省风景名胜区条例,2018-12-18,2018-12-18
f514d8a860cc04eefc6e895b7dc0c23a,天津市节约用水条例,2018-12-14,2018-12-14
f0c3a16d37f583bc4ae1a02709e73354,天津市土地管理条例,2018-12-14,2018-12-14
eb8d5af6d3818b7c6067c1c31d5a8df4,天津市城乡规划条例,2018-12-14,2018-12-14
be4723d4d70fdeeb78b086a5f23232d0,天津市燃气管理条例,2018-12-14,2018-12-14
b2a07e0ee8fb83ed81c5619a43bba6c9,天津市失业保险条例,2018-12-14,2018-12-14
e1954da16b9f6cb012c704cb64e8ba9c,天津市绿化条例,2018-12-14,2018-12-14
d1cb847a6fe9ac81c79feb4d6ba37b28,天津市城市供水用水条例,2018-12-14,2018-12-14
ff771657d666545476bfb3563e369108,天津市物业管理条例,2018-12-14,2018-12-14
fe8d9fa4dae9c3c7ffe047c11a6f43ad,内蒙古自治区实施《中华人民共和国野生动物保护法》办法,2018-12-06,2018-12-06
a6c8c96b9c3305bf7ac06ad06c7da12f,海南省自然保护区条例,2018-12-01,2018-12-01
55ffd51ce588a5b4f7c94b0331d9091e,湖南省湘江保护条例,2018-11-30,2018-11-30
397ccc500f53ca79a762974b5c32cc18,浙江省城市市容和环境卫生管理条例,2018-11-30,2018-11-30
b2939498dd0144c58d3500fbdf086a66,浙江省饮用水水源保护条例,2018-11-30,2018-11-30
a6b0dde666d1b3b88fe6f7d7fdcda557,浙江省发展新型墙体材料条例,2018-11-30,2018-11-30
12c2f73f8f208207efdf872553d723b9,浙江省实施《中华人民共和国慈善法》办法,2018-11-30,2019-01-01
89f59462875e51f553a6a1c9ed46ce9b,新疆维吾尔自治区人民代表大会议事规则,2018-11-30,2018-11-30
477205cd9c523c4ac5a949065da539ff,吉林省民用建筑节能与发展新型墙体材料条例,2018-11-30,2018-11-30
2b4b7b051e883eacee99d039a42f6e22,江西省实施河长制湖长制条例,2018-11-29,2019-01-01
e50d48b1a167677933b6af19fedbee41,广东省大气污染防治条例,2018-11-29,2019-03-01
03e4e578b4f4fb79317b5be83df111a7,广东省固体废物污染环境防治条例,2018-11-29,2019-03-01
40f78a51d60ea8d9fbd241aa0814fd74,广东省各级人民代表大会常务委员会规范性文件备案审查条例,2018-11-29,2019-01-01
4be5d9046bb469724ea6c1f99375a4dc,广东省民用核设施核事故预防和应急管理条例,2018-11-29,2018-11-29
762f6ce57a12491c8527ed1af99565c2,广东省湿地保护条例,2018-11-29,2018-11-29
416366f92d63d58a12121c3be5d788c6,广东省水利工程管理条例,2018-11-29,2018-11-29
e48487bd7fa0d97447da797d1fc34644,广东省环境保护条例,2018-11-29,2018-11-29
d0be7d26d71733e918fa86a0bfa3f2a2,广东省机动车排气污染防治条例,2018-11-29,2018-11-29
af5ad3709b1b5575d1e319ba674ef19e,宁夏回族自治区实施《中华人民共和国工会法》办法,2018-11-29,2019-01-01
03e257726fe8a2204e82a7b20e2609ec,宁夏回族自治区湿地保护条例,2018-11-29,2019-01-01
c79b7368fc16df3a7ad09808011ba822,宁夏回族自治区生态保护红线管理条例,2018-11-29,2019-01-01
4d3be120fa96528fdb550e0b3706c2a0,云南省人口与计划生育条例,2018-11-29,2018-11-29
be54e16bab303c9ac49166cb7e36e8c6,云南省城市房地产开发交易管理条例,2018-11-29,2018-11-29
254b5b543bce0f03331901a70b7cc275,云南省发展新型墙体材料条例,2018-11-29,2018-11-29
f0f16c302f02d17c01a2261ea8ae1613,云南省道路运输条例,2018-11-29,2018-11-29
ba9ca8b59e12bc2b7eb4e7cb332ab64d,云南省自然保护区管理条例,2018-11-29,2018-11-29
be0f86450e93665d4cdcc6b0fafd640a,云南省建设工程勘察设计管理条例,2018-11-29,2018-11-29
2beabac0468eb30dfdec371190361254,青海省大气污染防治条例,2018-11-28,2019-02-01
d02d026b2eef63726a0e3752ab798efe,辽宁省水污染防治条例,2018-11-28,2019-02-01
c95459ab8b0a093c7e94966f288f61bd,辽宁省人口与计划生育条例,2018-11-28,2018-11-28
0fa4051cde7db7937e2c17198cd7f120,广西壮族自治区人民代表大会常务委员会人事任免办法,2018-11-28,2018-11-28
ef0ff6d4ca4f9e0ad61568dd0c64fc36,安徽省实施《中华人民共和国野生动物保护法》办法,2018-11-26,2019-01-01
cc78653b2d933ac1287e9c0028512d37,安徽省多元化解纠纷促进条例,2018-11-26,2019-01-01
7859adc6eb9e165dd3232e818b42ed4a,河北省促进绿色建筑发展条例,2018-11-23,2019-01-01
5ae6b293f1f96fd9f71e0d5703cd141d,江苏省水库管理条例,2018-11-23,2018-11-23
4ad3dcd858c06b3440bee3980a6f532e,江苏省绿色建筑发展条例,2018-11-23,2018-11-23
308f4ceb917b71215259ed47f1651185,江苏省野生动物保护条例,2018-11-23,2018-11-23
0855d14b64adef4c029dc2f728fc3387,江苏省水资源管理条例,2018-11-23,2018-11-23
85ba5217868553cd7e0bdb208a7bc1d2,江苏省防洪条例,2018-11-23,2018-11-23
7fc076725db255efaed1814daed5a5c8,江苏省人民代表大会常务委员会议事规则,2018-11-23,2019-01-01
ecd5618967d0f8586e957cebb80309fb,江苏省湖泊保护条例,2018-11-23,2018-11-23
df6fde32c2742fce3bba8219ebc0b63f,江苏省矿产资源管理条例,2018-11-23,2018-11-23
d77951ac8f0417c98662cd5e15696107,江苏省地质环境保护条例,2018-11-23,2018-11-23
3615e2875c4b742f724a6ffda4a56470,上海市旅游条例,2018-11-22,2019-01-01
e6f2ed16b6b62c904557c327b93e0c04,上海市公共汽车和电车客运管理条例,2018-11-22,2019-01-01
a292601a94929bb1cd963cec1a45b369,上海市计量监督管理条例,2018-11-22,2019-01-01
a645141c7e96a2e145feef9f128d75c4,上海市河道管理条例,2018-11-22,2019-01-01
6c3f219a24a5d1b2cb2733fff1782696,上海市社会救助条例,2018-11-22,2019-05-01
f5cba81fc25a85e9107c1bc8ad0f4308,上海市住宅物业管理规定,2018-11-22,2019-03-01
e502f52bc740bc80c9440e5ca4cb69ad,天津市实施《中华人民共和国水法》办法,2018-11-21,2019-01-01
29e88fd9c768ea5cd27d915b93293099,天津市水污染防治条例,2018-11-21,2019-01-01
fcf0e3f1611a89d36dc2b8bc4098e492,湖北省水污染防治条例,2018-11-19,2018-11-20
107394745aed73f186378308a5bf0625,西藏自治区环境保护条例,2018-10-17,2018-12-01
5333d61602f3b3e440914fdfc1851e88,辽宁省大伙房饮用水水源保护条例,2018-10-11,2018-10-11
38e2d5de0a86a2b580abcc132358857f,辽宁省矿产资源管理条例,2018-10-11,2018-10-11
bdca1d0cfb7ccaad6e39bde217ed41c1,辽宁省社会组织管理条例,2018-10-11,2019-01-01
0c012619025f4fc5a022d6c66db0bd7f,辽宁省行政审批中介服务管理条例,2018-10-11,2019-01-01
9900cd45525c2ccce394d0632814e291,辽宁省预算审查监督条例,2018-10-11,2019-01-01
7387466d66414a9729c8745cc1a8c7fa,湖南省人民代表大会常务委员会议事规则,2018-09-30,2018-09-30
3a0e8683ee5a77ab5523066c1228a80c,湖南省人民代表大会议事规则,2018-09-30,2018-09-30
5b1df6bce78abf40f8dabc775c1ba670,中国自由贸易试验区条例,2018-09-30,2019-01-01
2556ebbe7cf4fe1f0ec83d7bd017a1c3,湖北省河道采砂管理条例,2018-09-30,2018-12-01
141170261d9f1e9c1ef5c99905917d71,海南省矿产资源管理条例,2018-09-30,2018-11-01
b0d2f1387c752cb7cb1f1ffc68207afd,海南省人口与计划生育条例,2018-09-30,2018-10-01
792813ca373da51947b65f19b2d92a9c,浙江省交通建设工程质量和安全生产管理条例,2018-09-30,2018-12-01
34f903d7521f8ba5313a66d6ea115c68,河南省黄河工程管理条例,2018-09-30,2018-09-30
7cff277cdcca601f978f1179c7beeebc,广西壮族自治区土地监察条例,2018-09-30,2018-09-30
861c4a50e194ab39450c5010327033ed,广西壮族自治区实施《中华人民共和国水法》办法,2018-09-30,2018-09-30
e463da79cda7d94372270c900e3a26cc,广西壮族自治区水文条例,2018-09-30,2018-09-30
3623094a0727bec9053de6e8552876d2,广西壮族自治区殡葬管理条例,2018-09-30,2018-09-30
